id,name,lastname,price,flycode,typePassenger,statusFlight
1,Tanney,Rosin,352973,M420,1,1
2,Claudia,Beche,285259,M420,1,1
3,Cathe,Sickling,278532,R4R1,2,1
4,Joseito,Hazeldean,199118,R2D2,2,1
5,Reese,Mosley,599875,R4R1,1,1
6,Rowland,Fearenside,821932,M420,1,1
7,Rosemaria,Normavill,246527,M420,2,3
8,Danny,Driver,281786,M420,3,3
9,Falito,Bateman,557432,R4R1,2,3
10,Eran,Patton,635723,R4R1,2,2
11,Bernadene,Beadham,574040,R4R1,3,2
12,Clarey,Vagges,807115,M420,1,3
13,Minda,Gooda,437129,R2D2,3,1
14,Taylor,Kassel,587729,R2D2,2,3
15,Jacquie,Bendin,856361,R2D2,1,3
16,Marlow,Oakenfall,987111,R2D2,2,3
17,Mikey,Gomme,586173,R2D2,3,1
18,Albertine,Knudsen,607537,R4R1,2,1
19,Andrea,Cotty,334066,M420,3,2
20,Martha,Storror,738730,R4R1,3,3
21,Dennie,Coulman,541876,M420,3,1
22,Hyacinth,Vasyutochkin,561520,R2D2,2,3
23,Alessandra,Philippault,889815,R4R1,3,1
24,Cordie,Rumbelow,447327,R4R1,1,3
25,Dulcinea,Eadmeades,61690,M420,1,3
26,Joscelin,Dineen,586659,R4R1,1,1
27,Vanni,Lease,900310,R4R1,1,1
28,Gaynor,Shurmore,493402,R4R1,2,2
29,Dorette,Vreede,82289,M420,3,3
30,Bryana,Paunton,981907,R2D2,1,1
31,Willy,Goldby,612128,R4R1,1,2
32,Desmond,Jeune,841732,R4R1,1,1
33,Averyl,Saberton,951132,R4R1,3,3
34,Bernadene,Odney,677257,M420,2,1
35,Archibald,Dripps,661955,R2D2,1,1
36,Lincoln,Raunds,300321,M420,3,2
37,Janis,Ronchetti,736939,M420,2,1
38,Juieta,Meigh,365479,R4R1,2,1
39,Kimberlee,Beacroft,201143,R4R1,2,2
40,Isidor,Alwell,767957,R2D2,2,2
41,Aarika,Liepmann,993505,R4R1,1,2
42,Jessica,Cordel,558695,R2D2,2,2
43,Keelia,Dench,495994,R2D2,3,2
44,Kaylee,Strathern,273635,M420,3,2
45,April,St. Louis,940775,R4R1,1,1
46,Babs,Gawkes,442450,R4R1,1,1
47,Marthena,Comettoi,303661,M420,1,3
48,Charita,Widdall,818249,R4R1,2,3
49,Arleta,Rigby,359780,R2D2,2,3
50,Emelina,Hydes,64040,R4R1,1,2
51,Gareth,Alexandre,294263,M420,3,1
52,Hildy,Kilgrew,929428,M420,3,3
53,Bettina,Beazey,459250,M420,1,3
54,Vicki,Swafford,170545,R4R1,3,3
55,Roddy,Gazey,293893,M420,2,3
56,Chase,Feare,826160,R2D2,2,2
57,Walsh,Marriner,924735,M420,2,2
58,Jessamyn,Steen,552934,R2D2,2,3
59,Niall,Gierck,562985,R2D2,1,3
60,Ilyse,Tarbard,981490,M420,2,2
61,Wenonah,Sute,68863,M420,1,2
62,Jilly,Noyes,593316,M420,3,1
63,Rodger,Waywell,665778,M420,3,1
64,Claudio,Oldred,722923,R2D2,1,2
65,Christel,Eccles,832060,R2D2,3,1
66,Byron,Memmory,37797,R2D2,2,1
67,Tabbie,Frankom,275338,R4R1,3,1
68,Matthew,Fyers,507348,R2D2,1,3
69,Culver,Yoell,340968,M420,1,3
70,Marlon,Onion,473028,R2D2,1,1
71,Pippo,Snell,814806,R2D2,3,2
72,Rufe,Bremeyer,169820,M420,3,1
73,Robbin,Edgeon,799894,R4R1,3,3
74,Bone,Altimas,528178,M420,1,1
75,Emilie,Feld,827141,R4R1,1,1
76,Crystal,Martyntsev,445167,R4R1,1,2
77,Joelle,Adelberg,131036,R2D2,1,1
78,Marley,Anthona,778364,R4R1,2,3
79,Witty,Ikins,651185,R2D2,2,3
80,Merrilee,Kornel,669268,M420,3,2
81,Melany,Pauletto,91048,M420,3,3
82,Ilaire,Spykings,192552,R4R1,3,1
83,Jemima,Theseira,46015,R4R1,2,2
84,Querida,Stroder,527750,R4R1,2,3
85,Hamlin,Beadman,767007,R4R1,3,1
86,Yard,Bardey,545166,R2D2,1,3
87,Erik,Blonfield,702286,R4R1,3,2
88,Anetta,Spitell,222975,R4R1,1,1
89,Roderich,Birrel,993733,R4R1,1,3
90,Phaidra,Grigolli,67012,R4R1,3,3
91,Pansy,Bosanko,190581,R2D2,2,3
92,Carolann,Cleeton,61167,R4R1,2,2
93,Gordon,Larmuth,781797,R4R1,3,3
94,Tine,Bryde,992400,R2D2,2,1
95,Berrie,Champney,305500,M420,1,1
96,Gerda,Benzies,697496,R4R1,1,2
97,Carree,Swatton,403819,R4R1,3,1
98,Tildie,Cady,696031,R4R1,1,1
99,Zechariah,Scroxton,703566,M420,2,1
100,Bart,Drury,321197,R2D2,3,1
101,Gordan,Byrd,394185,R2D2,2,1
102,Marysa,Felgat,26488,R4R1,1,2
103,Tootsie,Dulieu,356620,R2D2,1,2
104,Ulrikaumeko,Kuhnke,654807,M420,2,3
105,Reinald,Maytum,173482,M420,3,3
106,Gal,Gayler,787332,R2D2,1,2
107,Morgan,Sloane,207270,M420,2,2
108,Lonnie,Hamlen,806956,R2D2,2,1
109,Isadore,Pinnock,937036,M420,1,2
110,Jeanne,Sprosson,471674,R4R1,2,1
111,Juline,Bolesworth,190406,M420,1,1
112,Nyssa,Titheridge,556877,R4R1,2,2
113,Kimble,Grammer,881057,R4R1,2,3
114,Matilde,Give,663804,M420,1,2
115,Maurise,Kristoffersson,390192,R2D2,2,3
116,Vladimir,Kilmurry,47764,R4R1,3,3
117,Vicky,Driver,342805,R4R1,2,1
118,Gwynne,McGann,945117,R2D2,2,3
119,Zelda,Schiefersten,122693,M420,3,1
120,Nelle,Kilgour,413547,M420,1,3
121,Vevay,Alderman,74735,R2D2,1,3
122,Magdaia,Hampton,803397,M420,1,1
123,Shalna,Sherrard,199543,M420,3,1
124,Talbot,Gannan,270214,M420,1,3
125,Carling,McCrossan,963585,M420,2,1
126,Saundra,Degli Antoni,931013,R4R1,1,3
127,Ronnica,Van Saltsberg,488098,R4R1,1,3
128,Pamelina,O'Flaherty,837272,R4R1,2,1
129,Waverley,Kolinsky,264841,R4R1,2,2
130,Anette,Duke,451428,R4R1,3,1
131,Anselm,Limeburn,604434,M420,3,3
132,Maible,Daid,571936,M420,1,1
133,Cynthia,Pill,120732,M420,1,3
134,Dermot,Stovold,965294,R4R1,2,2
135,Adrian,O'Keevan,809098,R4R1,1,3
136,Harmonie,Alyoshin,144195,M420,2,3
137,Noland,Ruffles,224023,R4R1,2,3
138,Kathryn,Cardenas,128021,R2D2,2,3
139,Findley,Karran,384562,M420,2,3
140,Abdel,Waring,129350,R2D2,2,1
141,Walker,Antoinet,991853,M420,3,1
142,Boniface,Delouch,151156,M420,1,1
143,Kingston,Crosswaite,311890,R2D2,1,1
144,Elfreda,Erbain,552930,M420,2,2
145,Sanderson,Cloutt,747596,R2D2,1,1
146,Bail,Roggers,422073,R4R1,1,2
147,Linnell,Barron,642259,R4R1,1,1
148,Dar,Stickens,439027,R2D2,3,1
149,Laird,Bisatt,732362,M420,3,1
150,Wood,McGuckin,899094,R4R1,3,2
151,Karrie,Cowe,831388,R2D2,1,1
152,Jerrome,Letertre,785401,M420,3,2
153,Roger,Towner,299952,R2D2,3,1
154,Natala,Upward,998199,R2D2,1,3
155,Catharina,Shalloo,668117,M420,3,1
156,Alfreda,Wicklen,300852,M420,2,1
157,Allie,Camplejohn,309875,R4R1,2,1
158,Dian,Bramah,360016,M420,1,2
159,Eba,Ringe,310021,R4R1,2,2
160,Meggy,Kadar,959132,R2D2,3,1
161,Benn,Acheson,590839,R4R1,1,2
162,Eddy,Molden,110913,R4R1,1,1
163,Phedra,Busch,922422,R2D2,3,3
164,Elinore,MacAlaster,27422,M420,2,2
165,Hollie,Franck,485825,R4R1,1,1
166,Blondell,Balser,482326,M420,3,2
167,Lammond,Cymper,394245,M420,3,3
168,Rance,Basilotta,101759,R4R1,2,1
169,Tye,Herreran,528729,M420,1,1
170,Auroora,Hurkett,294238,R2D2,1,2
171,Jenifer,Chazette,479443,R4R1,2,1
172,Morrie,Lembrick,285486,R2D2,3,2
173,Aland,Peppett,648060,R4R1,3,1
174,Editha,MacLachlan,923665,R2D2,3,3
175,Lauraine,Iltchev,990772,R2D2,1,2
176,Chad,Gammill,689426,R2D2,1,3
177,Simonette,Paiton,725373,R4R1,1,1
178,Fae,Ace,380055,R2D2,3,3
179,Leonora,Biagi,113591,M420,2,2
180,Marjy,Gallehock,767547,R4R1,1,1
181,Lonee,Hartwell,103322,R4R1,3,3
182,Daphne,Butfield,122991,R2D2,3,2
183,Michal,Gatsby,281372,R2D2,3,3
184,Rozalie,Messiter,629070,M420,2,3
185,Therese,Sappy,449691,R4R1,3,1
186,Concordia,Millward,718364,R2D2,3,3
187,Elisabetta,Winspire,899918,R2D2,3,2
188,Ulysses,Danelut,69199,M420,1,3
189,Gary,Winskill,68447,R4R1,2,2
190,Natty,Maccari,208942,R2D2,2,2
191,Giulietta,Witty,399937,R4R1,1,3
192,Marcos,Enticknap,365489,R4R1,1,2
193,Florette,Gherardi,583302,R2D2,1,1
194,Annamarie,Starling,244333,R4R1,3,2
195,Myrvyn,Bulleyn,193119,R2D2,3,1
196,Krisha,Tonner,568297,R2D2,1,3
197,Lyssa,Strang,360796,M420,3,3
198,Augustina,Harnell,846472,R2D2,2,3
199,Kimberlyn,Michal,679918,M420,2,2
200,Oswald,Daye,212227,R4R1,1,3
201,Shirleen,Morton,38706,R4R1,2,1
202,Floyd,Gomby,138845,M420,2,2
203,Ros,Wyne,652924,R4R1,1,2
204,Stanislaus,Liddel,767026,R2D2,2,3
205,Kerrie,Goudie,119441,R2D2,2,2
206,Reeva,Ditts,935090,R2D2,1,1
207,Andree,Ratter,592588,R4R1,1,3
208,Renault,Queripel,839087,R2D2,3,1
209,Asia,Alliban,64400,R2D2,3,2
210,Lauretta,Pascall,741440,R4R1,1,3
211,Merrile,Haycock,692460,R4R1,1,2
212,Myrah,Strettle,979617,M420,1,2
213,Bennie,Playford,89284,R2D2,1,2
214,Pearl,Galton,241336,M420,2,3
215,Pincus,Cubbit,390154,R4R1,3,3
216,Ermentrude,Pammenter,938104,R4R1,1,3
217,Dani,Ayshford,522160,R4R1,2,1
218,Mal,Bugg,846551,M420,2,3
219,Karel,Upstell,489902,R2D2,1,2
220,Modestine,Wassung,271507,M420,1,1
221,Morie,Nutbean,428044,R2D2,2,3
222,Cece,Gascoyne,237997,R2D2,1,3
223,Lona,Doctor,794188,R4R1,3,3
224,Benjie,MacMeeking,662182,R2D2,2,3
225,Danny,Gisburn,258282,R4R1,2,3
226,Colline,Shurmore,33955,M420,1,1
227,Krysta,Charer,916195,M420,3,3
228,Aurelea,Durbin,948236,R4R1,1,3
229,Salim,Philipard,69166,M420,1,2
230,Peta,Leonards,852235,R4R1,1,1
231,Edwin,Garrals,520828,M420,1,1
232,Ezekiel,Arrault,778505,R2D2,2,3
233,Mackenzie,Blowen,291804,R2D2,1,1
234,Josepha,Pietrowicz,700045,M420,1,3
235,Gabbi,Mattsson,422979,R2D2,2,3
236,Janeva,Pinare,574320,R4R1,1,2
237,Carmella,Echallier,927342,R2D2,1,1
238,Morie,Escala,603184,M420,3,2
239,Jakie,Siflet,884174,R4R1,1,1
240,Alli,Gainsbury,736947,R4R1,1,1
241,Mufinella,Jimpson,930428,R4R1,1,3
242,Lainey,Skews,494212,R2D2,3,1
243,Saloma,Sprowle,705293,R4R1,2,1
244,Kitty,Wallage,717831,R4R1,1,1
245,Sacha,Iron,310859,R4R1,3,3
246,Ashil,Scowcroft,111655,R2D2,1,3
247,Tedmund,Skokoe,817611,R4R1,1,3
248,Loria,Seeks,180922,R2D2,2,1
249,Gareth,McLagan,335216,M420,1,3
250,Wallis,Stansall,305343,M420,2,2
251,Brodie,Craigs,540694,R4R1,2,1
252,Jordan,Covolini,150229,R2D2,2,1
253,Kaitlin,Garaway,644354,R2D2,2,2
254,Malissia,Poulsum,502565,R2D2,1,3
255,Nathanael,Mose,434699,R4R1,2,3
256,Shae,Flucks,120221,R4R1,3,2
257,Hetti,Roskelley,543202,R2D2,1,1
258,Dulci,Roscher,779481,M420,3,3
259,Benedict,Ainger,673924,R2D2,3,1
260,Rolando,Dooney,899635,M420,2,3
261,Evonne,Smithe,31368,R4R1,3,2
262,Fanni,Osinin,90180,M420,2,2
263,Evvie,Weippert,75029,R2D2,1,3
264,Gladys,Thursfield,982957,R4R1,3,3
265,Emmerich,Taffe,898504,R2D2,2,1
266,Angel,Stallion,997354,R4R1,1,2
267,Beilul,O'Crigane,598641,R4R1,1,1
268,Ailis,Horsley,282819,M420,2,2
269,Tammi,Hadkins,390406,M420,2,2
270,Aindrea,Hellikes,921627,M420,2,2
271,Greggory,Norgate,412268,M420,3,1
272,Konstance,Van Vuuren,613896,M420,3,3
273,Cordy,Gauch,982717,R4R1,3,2
274,Corey,Pimbley,20974,M420,1,3
275,Mervin,Libbey,940588,M420,2,3
276,Hali,Collishaw,87919,M420,3,2
277,Moe,Van der Baaren,928171,M420,1,2
278,Quentin,Colwell,660018,M420,3,2
279,Minnaminnie,Capitano,169268,R4R1,3,2
280,Brear,Counter,921741,R2D2,3,2
281,Nanci,Waight,867300,M420,1,1
282,Donny,McTurlough,896569,R2D2,1,2
283,Broderic,Anelay,200855,R2D2,3,3
284,Lindsey,Lempertz,314482,R4R1,2,2
285,Tab,Trice,15285,M420,3,1
286,Catharina,MacChaell,665654,R4R1,2,3
287,Doe,Pavlov,457478,R2D2,1,2
288,Brendon,Rhoades,40183,R4R1,3,3
289,Gerianne,Gillfillan,967353,R4R1,1,3
290,Bobbee,Coyett,794225,M420,1,1
291,Bryan,Orpin,745441,R4R1,3,1
292,Koral,Haffard,559626,M420,3,3
293,Alexio,Prahm,322455,R4R1,2,3
294,Mab,Caveney,312997,R4R1,2,3
295,Earlie,Yushachkov,720505,M420,1,1
296,Cori,Biasi,423194,R2D2,3,3
297,Viviene,Ruckledge,635858,R4R1,2,1
298,Grace,Biddlestone,118922,M420,3,1
299,Raff,Drohun,702996,R4R1,3,3
300,Sidnee,Trowl,776904,M420,1,2
301,Kane,Cheeney,550578,R4R1,1,2
302,Rosemary,Yelyashev,692450,R4R1,1,3
303,Aldis,Kroin,950800,R4R1,3,2
304,Llewellyn,Jenner,68107,M420,1,3
305,Cassondra,Phipp,754799,R2D2,3,1
306,Celestyna,Matussov,968184,R4R1,1,2
307,Jodee,McQuirk,69181,M420,1,2
308,Laurel,Asbrey,205868,R4R1,3,3
309,Darin,Hall-Gough,533437,R4R1,1,2
310,Tamas,Glusby,585776,R4R1,3,2
311,Britta,Warhurst,504741,R2D2,3,2
312,Bernie,Wrankling,506947,R2D2,3,2
313,Hillel,Ross,441414,M420,1,2
314,Noni,Giacomoni,11374,R2D2,3,1
315,Vanna,Orknay,160967,R4R1,2,1
316,Benito,Ditchburn,150833,M420,2,2
317,Ianthe,Puddicombe,378631,R2D2,1,2
318,Natty,Labrenz,293538,R2D2,2,3
319,Oriana,Calrow,780455,R4R1,3,1
320,Raynard,Blodget,803275,M420,1,2
321,Margy,Braunes,517229,M420,2,3
322,Elisha,McFaell,783604,M420,1,3
323,Edmon,Cumpton,883540,R4R1,1,3
324,Erskine,Housam,961387,R2D2,2,2
325,Bridget,Wisam,515938,R4R1,2,2
326,Marwin,Bowick,588156,M420,3,1
327,Cara,Papen,583357,R4R1,1,3
328,Cob,Block,198803,M420,2,3
329,Geraldine,Andreutti,654838,M420,3,1
330,Karalee,McQuillen,849197,R4R1,3,3
331,Nerta,Bidgod,998829,R4R1,1,2
332,Christos,Muslim,335304,R2D2,3,3
333,Merrie,Walsh,419958,M420,3,1
334,Rubie,Wankel,653088,R4R1,3,3
335,Noell,Dufer,970392,R2D2,3,1
336,Duffy,Gillean,145735,R4R1,3,1
337,Maure,Waistall,944586,M420,1,1
338,Myrtice,Prazer,684457,R2D2,1,3
339,Garret,Goodnow,364619,R4R1,1,2
340,Bell,Lebourn,458264,R2D2,2,2
341,Beth,Loidl,607887,M420,3,2
342,Wynn,Stryde,383998,M420,3,2
343,Gerda,Fuidge,535342,R2D2,3,3
344,Rourke,Piggens,313614,M420,2,3
345,Emmeline,Kemmett,657946,M420,2,2
346,Beniamino,Cappell,338602,R4R1,1,1
347,Alfreda,Geeraert,731904,M420,3,1
348,Gil,Doge,952993,R4R1,2,1
349,Antonio,Petyakov,749347,R2D2,1,2
350,Mira,Ortell,171178,M420,2,3
351,Eveline,Sturdey,538024,R2D2,3,3
352,Rosamond,Gaymer,537612,R4R1,3,2
353,Camella,Bouch,991581,R2D2,2,2
354,Rennie,Petford,663439,R2D2,3,2
355,Rocky,Romeuf,527036,R2D2,2,1
356,Kania,Griffith,270679,R4R1,3,3
357,Engracia,Hurlin,926479,R4R1,1,1
358,Arleyne,Volkes,655266,M420,1,3
359,Tomasina,Cranage,366337,R4R1,2,1
360,Xymenes,Beccles,198450,R4R1,3,1
361,Dido,Yerrall,453038,M420,2,2
362,Bevvy,Whyte,823028,R2D2,3,2
363,Kellen,Etches,138021,R4R1,2,2
364,Gavrielle,Brettell,763810,R4R1,3,3
365,Doe,Accombe,820486,R4R1,1,2
366,Faber,Bruineman,838853,R4R1,1,3
367,Thane,Stoffersen,746884,R2D2,1,3
368,Skip,Drohane,614384,R2D2,1,1
369,Channa,Irvin,847408,R4R1,3,2
370,Rock,Breffit,169558,M420,3,2
371,Maryl,Mc Caghan,780917,R2D2,3,3
372,Ellerey,Grugerr,250467,R4R1,1,3
373,Dreddy,Gregory,991939,M420,3,1
374,Ruttger,Camp,819127,M420,2,2
375,Adriana,Jansky,775897,R2D2,1,3
376,Barthel,Pryer,987222,R4R1,1,1
377,Caz,Stainfield,888496,R4R1,3,3
378,Letisha,Moulder,314488,R2D2,1,3
379,Russ,Josebury,928900,R2D2,1,1
380,Ceciley,Hubeaux,938103,M420,2,2
381,Chan,Scrivin,967872,R2D2,1,3
382,Kamilah,Berdale,423236,R4R1,2,1
383,Opaline,Kettleson,944863,M420,2,1
384,Blanch,Zoellner,905359,R4R1,3,2
385,Bale,Kempster,751561,R4R1,1,1
386,Holli,Holywell,253224,R2D2,1,3
387,Addia,Belverstone,332870,M420,1,1
388,Mavis,Rushton,455368,R4R1,1,2
389,Jazmin,Fountain,391778,R2D2,1,2
390,Noble,St Leger,283140,R2D2,1,2
391,Alva,Paniman,521826,R2D2,2,3
392,Trudi,Acom,269085,R4R1,1,3
393,Filberte,Mullaly,439242,R2D2,1,2
394,Perla,Garrity,164034,R2D2,1,2
395,Lin,Charville,386668,R2D2,1,1
396,Domenico,Vice,676871,M420,2,3
397,Morna,MacKereth,740300,R4R1,1,3
398,Felisha,Copestake,491845,M420,2,1
399,Yetta,Finker,658902,R4R1,1,1
400,Aeriela,Ramiro,831076,R4R1,1,3
401,Laural,Quemby,441191,M420,1,1
402,Caritta,Krinks,606281,M420,1,2
403,Randene,Burge,887645,R2D2,1,2
404,Novelia,Colqueran,831655,R2D2,1,1
405,Nonie,Boote,974980,R4R1,3,3
406,Lodovico,Halhead,693907,R4R1,2,1
407,Billy,Easseby,124651,M420,2,1
408,Bo,Cristofanini,102248,R2D2,1,2
409,Karlene,Eilhermann,926190,R2D2,1,3
410,Iggy,Kamena,723985,M420,2,1
411,Nariko,Gianilli,527968,R2D2,3,1
412,Herschel,Scollard,960514,R4R1,2,3
413,Roxana,Vials,41921,R2D2,2,2
414,Aldon,Arlott,716867,R4R1,1,3
415,Alison,Matyashev,880790,M420,3,3
416,Fayina,Yashanov,166674,R4R1,2,2
417,Jimmy,Foynes,928962,R4R1,1,3
418,Hewitt,Leimster,480167,R2D2,1,1
419,Elwood,St. Pierre,372213,M420,1,3
420,Damian,Gyorffy,447011,R2D2,3,1
421,Bren,Bracchi,819675,R4R1,2,3
422,Dionisio,Letchmore,830843,R2D2,1,1
423,Caria,Van den Hof,538650,M420,2,1
424,Amabelle,Betancourt,843977,M420,2,1
425,Berty,Dudny,984394,R2D2,2,3
426,Maria,Clyburn,859612,R4R1,3,3
427,Alasteir,Garey,208381,R2D2,3,2
428,Dick,Geekin,997329,R2D2,2,3
429,Alissa,Dyment,979306,R4R1,1,1
430,Rolland,Musico,735122,R2D2,3,3
431,Son,McRobb,207111,M420,3,2
432,Selestina,Wetton,686333,R4R1,2,1
433,Orville,Erskine Sandys,284448,R2D2,2,1
434,Roarke,Chiddy,693700,M420,2,2
435,Fenelia,Fick,173251,R4R1,3,1
436,Anselma,Loynes,265861,M420,3,3
437,Kristopher,Skip,161314,R4R1,1,2
438,Justine,Jenoure,872777,R4R1,3,1
439,Birgit,Hegley,954407,R4R1,1,2
440,Alidia,Sneesby,93938,M420,3,2
441,Nicky,Lines,430358,M420,1,2
442,Patrizia,D'Ugo,35826,R2D2,1,2
443,Terrill,Brownrigg,793698,R4R1,3,2
444,Othelia,Albasini,339711,M420,1,2
445,Lee,Quernel,148766,R2D2,1,2
446,Chloette,Byars,492256,M420,1,1
447,Bartholomeus,Helleckas,705766,R4R1,2,1
448,Bunny,Stening,183453,R4R1,1,3
449,Antone,Ivashintsov,302069,R2D2,1,2
450,Godwin,Tinsley,338640,M420,2,3
451,Dreddy,Dictus,331133,M420,2,1
452,Gillian,Gosnell,725578,M420,2,2
453,Wrennie,Mougenel,32437,R4R1,2,2
454,Dierdre,Esland,124662,M420,2,3
455,Emmie,Gronous,545344,M420,3,2
456,Clarey,Birkinshaw,221973,M420,2,2
457,Will,Jeanin,698973,M420,3,2
458,Abbi,Wettern,912039,M420,1,3
459,Kaye,Glencorse,189024,R2D2,2,3
460,Vilhelmina,Letch,622052,R2D2,3,3
461,Judas,Jaggers,891715,R4R1,2,2
462,Frederik,Rozier,405346,M420,3,3
463,Yorker,Skeggs,535037,R2D2,3,3
464,Woodie,Swanson,544941,R2D2,1,1
465,Neysa,Jekel,57643,R4R1,2,1
466,Dory,Matterson,322384,R2D2,2,1
467,Lucien,McKinty,240442,R4R1,3,2
468,Heywood,Offen,384554,R2D2,1,3
469,Lisha,Tomsa,737999,M420,1,1
470,Fax,Hallard,91158,M420,1,2
471,Marian,Constable,726017,R4R1,3,2
472,Fidole,Melluish,907939,R2D2,3,1
473,Donna,Gilfether,590320,M420,2,1
474,Joe,Martina,995623,M420,1,2
475,Leta,Plomer,175684,M420,3,1
476,Kelila,Clemo,937466,M420,3,3
477,Gweneth,Yeoland,426843,R4R1,2,2
478,Nerta,Juanico,526434,M420,1,1
479,Ira,Garvan,383608,R2D2,1,1
480,Kristopher,Dumbare,712091,M420,2,3
481,Egan,Divine,62374,R4R1,2,1
482,Prudy,Tollit,340248,M420,1,2
483,Taddeusz,La Batie,468711,R4R1,2,2
484,Silvano,Dood,860974,R4R1,3,3
485,Lea,Sowrah,600630,R4R1,3,1
486,Adamo,Blasiak,560026,R2D2,3,3
487,Dorry,Percy,419628,R4R1,1,2
488,Dinny,Thresh,450840,M420,2,2
489,Jacklyn,Nortunen,14798,R2D2,1,3
490,Eldredge,Thumim,718618,M420,1,1
491,Phylys,Dash,194207,R2D2,2,3
492,Eveleen,Siret,781731,R4R1,3,3
493,Eunice,Quadri,486727,R2D2,3,2
494,Malchy,Eckersall,671555,M420,1,2
495,Kessiah,Dispencer,947316,R4R1,2,1
496,Anastasie,Euston,426727,R2D2,2,2
497,Dedra,Pitman,139785,R4R1,1,1
498,Celene,Gowing,151153,R2D2,1,3
499,Kathryne,Trotter,863964,R4R1,2,1
500,Torey,Connaughton,421602,M420,1,1
501,Julie,Heggs,568544,R4R1,2,1
502,Charlton,Minette,717323,R4R1,2,2
503,Esmeralda,Cushion,761995,M420,3,2
504,Thea,Bicker,184231,M420,1,2
505,Perry,Ovenell,36078,M420,1,1
506,Morlee,Danzey,180876,R2D2,1,2
507,Bryan,Assandri,944824,R2D2,3,1
508,Almire,Kippax,532612,R4R1,2,2
509,Norina,Poupard,42795,R4R1,1,2
510,Jeane,Perse,232837,M420,2,1
511,Trixie,Tabourin,675398,M420,2,1
512,Niki,Curneen,254395,R4R1,2,3
513,Horatia,Delap,674025,R4R1,2,1
514,Rhianna,Hassall,566761,R4R1,3,2
515,Ulrikaumeko,Husher,82054,R4R1,1,1
516,Steven,Gundrey,407606,R4R1,3,1
517,Torey,Fauguel,436597,M420,2,3
518,Mitch,De Mitri,697556,R2D2,2,1
519,Pepe,Josefsohn,955476,R4R1,2,1
520,Carilyn,Fawckner,593653,R2D2,2,1
521,Loree,Henric,785209,R2D2,2,3
522,Jessalyn,Kielt,588906,R2D2,1,1
523,Brigg,O' Loughran,194756,M420,1,3
524,Isadora,Raoult,777206,R2D2,1,3
525,Gerald,Hamor,680140,R2D2,3,3
526,Hugues,Curlis,729452,R2D2,3,2
527,Haydon,Pashan,636217,M420,1,1
528,Garrek,Davydychev,255496,R2D2,3,1
529,Rog,Stickley,757326,R2D2,3,1
530,Kane,Dwyer,443142,M420,3,2
531,Amalle,Logie,395503,R4R1,1,2
532,Thaine,Berrie,304581,R4R1,3,3
533,Wilmar,Cowern,972062,R2D2,1,3
534,Celene,Casey,295994,R2D2,2,2
535,Viviyan,Guppey,815687,M420,3,3
536,Goddard,Gall,674260,R4R1,1,2
537,Fanchon,Andric,293293,M420,3,1
538,Wheeler,Ervin,40202,M420,2,3
539,Carlina,Charnley,387314,R4R1,3,2
540,Daphene,Pietesch,556950,M420,3,2
541,Dill,Jeschner,719664,R4R1,2,3
542,Jenica,Moore,844710,R4R1,3,1
543,Corbie,Billes,991848,M420,1,1
544,Ansell,Shearmer,604364,R4R1,2,1
545,Eugen,Hearon,725719,R2D2,2,3
546,Natal,Bridywater,661205,M420,2,1
547,Em,Covendon,417791,R2D2,3,3
548,Rik,Cohan,730472,M420,2,1
549,Lewie,Havock,345494,R2D2,3,2
550,Kin,Gapper,102584,R4R1,3,3
551,Roosevelt,Laugier,410026,M420,1,2
552,Dall,Hymans,948455,R2D2,1,1
553,Thia,Marcum,715719,R4R1,3,3
554,Wit,O'Reilly,317477,M420,2,3
555,Aliza,Crayker,917776,M420,1,3
556,Brittaney,Cartmell,99114,R4R1,3,3
557,Onfroi,Cassar,484598,M420,2,3
558,Ofelia,Losel,768727,M420,2,3
559,Catherine,Stainton,634510,R2D2,1,2
560,Estele,Yegorov,567003,M420,3,2
561,Cathrin,Vanichkov,917474,R4R1,1,1
562,Alex,Marlor,293299,R2D2,3,3
563,Woodie,Deverick,763912,M420,3,1
564,Cody,Viccary,905367,R2D2,2,3
565,Boyce,Twopenny,155669,M420,2,2
566,Karol,Matkovic,427456,R4R1,3,3
567,Meier,Broadis,234106,R4R1,2,1
568,Isaac,Besemer,15634,R2D2,1,2
569,Nanci,Burgin,498010,M420,3,1
570,Mollie,Cropper,909781,R2D2,1,1
571,Hamid,Capener,681562,R2D2,3,2
572,Jason,Belliard,492875,M420,2,1
573,Towny,Heigold,468259,R4R1,3,1
574,Natassia,Farny,830838,M420,3,3
575,Rutter,Meadley,893203,M420,2,2
576,Evvy,Brunn,601524,R2D2,1,3
577,Emma,Dodwell,553579,R4R1,3,1
578,Georgia,Tellesson,990178,R2D2,3,2
579,Tatiania,Clench,33224,R2D2,1,2
580,Elberta,Linck,960273,M420,1,2
581,Loutitia,Leitche,912073,R2D2,3,1
582,Isidoro,Lilian,360253,M420,1,2
583,Louella,Bartalucci,875312,M420,3,3
584,Milo,Tatersale,294606,M420,2,3
585,Salvatore,Hartzog,415169,R2D2,1,3
586,Tiffany,Sillis,915968,R2D2,1,1
587,Janna,McCole,956739,R4R1,2,2
588,Maje,Houselee,43696,M420,2,2
589,Shaina,Wordsley,201776,R4R1,3,2
590,Marcelia,Durdle,836615,R2D2,1,3
591,Hermon,Braney,679130,R4R1,3,3
592,Adelina,Garnsworth,422887,R4R1,2,1
593,Mattias,Clear,492919,R2D2,2,1
594,Carma,Chetter,953753,M420,2,3
595,Ruthann,Stanion,961486,R4R1,3,3
596,Artemas,Kike,194628,R2D2,1,3
597,Malia,Ebhardt,619993,M420,2,2
598,Gaby,Borit,948555,R2D2,1,1
599,Thorny,MacGill,775622,R4R1,2,3
600,Abby,Pryell,320860,M420,3,1
601,Krisha,Tessyman,778820,R2D2,3,2
602,Stacia,Christofides,430304,M420,3,3
603,Yoko,Austing,657107,R4R1,2,2
604,Blondy,Tittershill,576093,R4R1,1,1
605,Harlie,Morant,603647,M420,3,3
606,Geri,Nijssen,15238,R2D2,1,3
607,Codee,Gerge,506344,M420,3,2
608,Howie,Sinyard,771490,M420,2,3
609,Latia,Arrigo,542619,R4R1,2,3
610,Tedd,Carmody,939436,R4R1,1,2
611,Ruby,Danielli,133632,R4R1,3,1
612,Quinlan,O' Mullan,731547,R2D2,3,2
613,Sandro,Priestner,950039,M420,2,1
614,Tadeas,Bacchus,460606,M420,1,2
615,Rozamond,McHardy,458600,R4R1,2,3
616,Myriam,Cornelis,178966,M420,3,1
617,Lindsay,Tames,870576,R2D2,3,2
618,Wendell,Charlo,565818,R4R1,2,1
619,Crista,Bladesmith,630597,M420,2,2
620,Albertine,Froome,550584,R4R1,1,1
621,Merv,Cottey,116246,R4R1,3,1
622,Pippa,Herreros,826172,R2D2,1,2
623,Ernestine,Basnett,629049,R4R1,1,2
624,Chelsy,Scarsbrick,989936,R2D2,1,3
625,Antoni,Scamel,363637,M420,1,3
626,Martica,Hardeman,837055,R2D2,1,1
627,Nappie,Patriche,623188,M420,1,2
628,Elisa,Digwood,57614,M420,1,3
629,Reggy,Howis,821000,R2D2,1,3
630,Reamonn,Moukes,559670,M420,1,2
631,Sapphire,Leupold,123531,M420,1,1
632,Tedmund,Portman,32011,R2D2,3,3
633,Bennett,Di Maggio,993897,R2D2,2,1
634,Bethanne,Recher,892378,R2D2,2,1
635,Marlow,Braundt,780138,R2D2,1,2
636,Antonino,Rutley,384615,R2D2,2,2
637,Lenee,Cargill,589218,R4R1,3,2
638,Pauletta,Curry,186977,R2D2,1,3
639,Audra,Brim,887484,R2D2,3,1
640,Sibeal,Farrear,722008,M420,2,1
641,Sallyann,Velde,961824,R2D2,1,3
642,Clarita,Izen,648287,R4R1,1,1
643,Adolpho,Wilton,475568,R4R1,1,3
644,Appolonia,Jachimak,900673,M420,1,2
645,Calla,Blakiston,884155,R2D2,3,3
646,Griffin,Rembrant,841095,R4R1,1,3
647,Bertina,Manners,237665,M420,3,2
648,Elwood,Laroze,997134,M420,1,1
649,Norbert,Deners,118000,R4R1,3,2
650,Isador,Latus,26500,M420,2,3
651,Juanita,Wilshere,548998,M420,1,2
652,Shelli,Jannings,455965,R4R1,1,3
653,Gothart,Shellshear,703456,R2D2,3,3
654,Lacee,Doeg,700222,R2D2,3,3
655,Artemus,Le Merchant,726234,R4R1,2,2
656,Karin,Moscone,562023,R4R1,2,1
657,Cher,Iston,423375,R2D2,1,1
658,Elladine,Tutt,811047,M420,1,2
659,Stanford,Mault,660984,R2D2,2,3
660,Charmane,Heeps,163107,R4R1,2,3
661,Stanleigh,Thursby,218573,R4R1,3,2
662,Randi,Trousdell,314884,R2D2,3,1
663,Ermina,Camolli,417766,R2D2,1,3
664,Tan,Repp,671083,R4R1,2,3
665,Delaney,Duker,287610,R2D2,1,2
666,Henriette,Edmeades,442784,R4R1,1,2
667,Lucas,Pietzner,835354,R4R1,3,2
668,Rickert,Siseland,144764,M420,1,1
669,Isa,Froschauer,454149,M420,1,1
670,Gena,Harlowe,113389,M420,1,1
671,Miner,Weepers,550748,M420,3,2
672,Simonne,Verbeek,661764,R2D2,2,1
673,Penn,Borne,472415,R2D2,2,1
674,Derrick,Matus,570625,M420,2,1
675,Enrika,Dargavel,590598,R2D2,1,2
676,Jena,Swabey,950389,R2D2,2,1
677,Tristan,Campo,684601,R2D2,1,2
678,Suzie,Leggs,116397,R4R1,3,2
679,Pru,Yurinov,763547,R4R1,3,2
680,Charlena,Hewkin,812430,M420,3,3
681,Nap,Ramsden,322132,R4R1,3,1
682,Delmar,Frankland,763019,R4R1,1,1
683,Marietta,Walklett,423837,R2D2,1,3
684,Boycey,Febvre,339476,R2D2,3,1
685,Berkeley,Gave,236350,R2D2,1,2
686,Linda,Farnes,168260,R4R1,1,3
687,Verney,Messenbird,944522,R4R1,2,1
688,Bo,Conaghy,499355,M420,1,1
689,Harp,Matussov,67202,R4R1,3,3
690,Susi,Toon,811924,R4R1,3,1
691,Rici,De Ath,924471,R2D2,1,3
692,Harri,Netherclift,403294,R2D2,2,3
693,Franni,Banting,471926,R4R1,3,3
694,Adelina,Timmes,988280,M420,2,3
695,Dieter,Downham,998357,R4R1,3,3
696,Burnaby,Liggins,388546,R4R1,3,1
697,Retha,Collymore,246475,R4R1,2,1
698,Starlin,Puddephatt,13314,R2D2,2,1
699,Elli,Fairfoull,274574,R4R1,1,3
700,Clair,Rockcliff,895298,M420,1,2
701,Bradley,Stabler,894263,R2D2,3,2
702,Burch,Crummey,477702,R2D2,2,2
703,Cheryl,Cadany,719394,R4R1,1,2
704,Emmet,Limer,148190,R4R1,1,1
705,Alair,Brewitt,847660,M420,2,2
706,Ermina,Beaman,687643,R4R1,1,2
707,Jonathon,Longhurst,120246,M420,2,1
708,Valeria,Brisbane,154585,M420,2,1
709,Emogene,Hawk,242539,M420,2,2
710,Franz,Romney,219118,R4R1,2,2
711,Allie,Champain,584596,R2D2,1,1
712,Stevana,Butterfint,660261,R4R1,3,3
713,Lainey,Graser,378241,R2D2,2,3
714,Sheelagh,Delamar,881967,R2D2,3,2
715,Margalo,Jeffry,906578,R4R1,2,2
716,Gretel,De Freyne,565571,R2D2,3,2
717,Torry,Hele,401329,R4R1,2,2
718,Maryanne,Boissier,679120,R4R1,2,1
719,Ellette,Solomon,694616,M420,2,3
720,Lovell,Tidcomb,681003,R2D2,2,1
721,Damaris,Louch,211271,R4R1,2,3
722,Hazel,Griffey,927950,M420,1,1
723,Zitella,Molder,838322,R2D2,1,2
724,Dunn,Banbrook,230956,R4R1,2,3
725,Oran,Garr,478872,M420,1,3
726,Naoma,De Angelis,530528,R2D2,1,2
727,Beatrisa,Martinovic,76619,M420,3,2
728,Nance,Jamieson,693307,R4R1,2,3
729,Edithe,Sacher,556571,R4R1,3,1
730,Estele,O'Gorman,594604,R4R1,3,1
731,Mathe,Pagon,520747,R4R1,1,2
732,Brandtr,Trowsdale,973252,M420,3,2
733,Zeke,Fellenor,585403,M420,1,2
734,Joscelin,Vase,426359,R4R1,2,2
735,Joy,Botterell,321705,M420,1,1
736,Nickolai,Otridge,59765,R4R1,2,1
737,Fabiano,Serris,648100,R2D2,1,3
738,Pepito,Muckersie,794351,R2D2,3,1
739,Gilberte,Dabbes,390285,R2D2,2,1
740,Wilie,Born,657881,M420,1,1
741,Reginald,Adamsen,423136,R4R1,2,1
742,Berti,Mayling,997327,M420,3,1
743,Uta,Costell,894408,M420,1,3
744,Tuckie,Jerrand,208115,R2D2,2,2
745,Dukie,McGuggy,440009,M420,3,1
746,Patin,Foucar,737873,M420,1,1
747,Vernen,Agnolo,802100,R2D2,3,3
748,Lindi,Pond,708731,R2D2,1,3
749,Gavan,Paffley,733099,R2D2,3,3
750,Jay,Turbern,178269,R4R1,2,2
751,Archibaldo,Louca,25351,R4R1,2,3
752,Laverna,Lathleiff,692702,R2D2,1,1
753,Celestyn,Boswell,35452,R4R1,2,2
754,Lodovico,Cossem,599490,M420,2,2
755,Jackson,Sebastian,677503,M420,2,2
756,Starlene,Cristofol,642275,R4R1,2,3
757,Elka,Tidball,446820,M420,1,3
758,Dinny,Wyllcocks,856989,M420,1,3
759,Serene,Grigoroni,70391,R4R1,3,1
760,Benita,Bravington,460232,M420,1,3
761,Marten,Treuge,607630,M420,2,2
762,Jerome,Minot,430901,M420,1,3
763,Astra,Ceschini,125944,R2D2,3,1
764,Ana,Ribou,912941,R2D2,2,2
765,Mair,Abelson,284498,R4R1,3,1
766,Rosanna,Dyshart,993799,M420,3,3
767,Korey,Salery,971181,R2D2,3,3
768,Orlan,Greave,164165,R2D2,3,1
769,Susi,Brislen,573329,R2D2,1,2
770,Rowena,Grichukhin,762091,M420,3,1
771,Saunder,Vautre,378064,R2D2,1,3
772,Moe,Bascombe,268041,M420,3,3
773,Marrilee,Clue,876827,M420,2,1
774,Caressa,Minillo,918765,M420,3,3
775,Mikol,Rapi,173998,R2D2,1,3
776,Reinhold,Domeney,177346,R2D2,3,3
777,Allene,Dearden,324230,R2D2,1,1
778,Pate,Lowsely,584492,R4R1,2,1
779,Roslyn,Cheeseman,384916,M420,2,2
780,Linnie,Peggrem,207439,M420,3,3
781,Greg,Astbery,103373,M420,2,2
782,Anica,Skowcraft,453931,R4R1,2,1
783,Pet,Leport,795022,M420,3,2
784,Desi,Stidson,653447,R4R1,1,2
785,Marcela,Cowderoy,771174,M420,2,2
786,Emmalynne,Pattesall,247428,R2D2,2,2
787,Aldus,Janous,498723,M420,1,3
788,Maximo,Hayter,728987,R4R1,3,3
789,Brier,Dundendale,509392,M420,1,1
790,Boycie,Gasparro,947822,R4R1,3,1
791,Rafaela,Jean,436979,R4R1,1,3
792,Kirbee,Steers,137872,R4R1,3,2
793,Rafaelita,Shafe,594667,R4R1,1,3
794,Alleyn,Gillmor,998787,R4R1,2,2
795,Phyllys,Braga,920200,M420,3,3
796,Queenie,Ind,892751,R4R1,1,3
797,Micki,Dolby,478188,M420,1,1
798,Brewer,Scare,504109,R2D2,1,2
799,Sandor,Bottomer,887960,R4R1,2,2
800,Nevil,Pabelik,953148,M420,2,1
801,Perceval,Geoghegan,762163,M420,2,3
802,Kesley,Manwell,777587,R2D2,3,2
803,Andriette,Carley,502436,M420,3,1
804,Dodie,Nowakowski,262006,M420,1,2
805,Chance,Hales,483541,M420,2,1
806,Carly,Hardes,316439,M420,2,3
807,Mellie,Hollingsby,93596,R4R1,3,2
808,Candis,Dunbabin,698765,M420,3,3
809,Isidro,Winkworth,10922,R2D2,1,2
810,Cori,Gaddes,25340,R2D2,2,1
811,Kev,Erratt,987582,R2D2,1,1
812,Alva,Moar,748225,M420,1,2
813,Clemmy,Stappard,887450,M420,2,3
814,Carmon,Rudolfer,152163,R2D2,2,1
815,Ariella,Batie,181048,M420,1,3
816,Bernadina,Ivankin,77042,R4R1,3,3
817,Bord,Bontein,458732,R4R1,1,1
818,Eachelle,Doul,712020,R2D2,2,2
819,Sharyl,McLagan,450690,R4R1,2,3
820,Elroy,Kurdani,208295,R4R1,2,3
821,Karil,Ashby,110137,R4R1,1,3
822,Myrlene,Monshall,351352,R4R1,3,3
823,Gertrude,Andresen,729189,M420,1,2
824,Paule,Heed,752212,M420,1,2
825,Niccolo,Danniel,123766,M420,1,2
826,Madelena,Greenhowe,161178,R4R1,2,3
827,Constance,Bellows,78981,R2D2,2,1
828,Paddy,Claypoole,589204,M420,2,3
829,Lucio,Schultheiss,599190,M420,3,2
830,Lian,Stoakley,479639,R2D2,2,1
831,Norine,Vieyra,321253,R2D2,1,2
832,Fawne,Overall,319733,R2D2,3,1
833,Tabor,Warrington,388505,M420,3,3
834,Tracie,Warsap,637038,R4R1,3,1
835,Courtnay,Kencott,185386,R2D2,1,2
836,Rois,Stanion,436087,M420,1,1
837,Ethyl,Kenwood,901522,M420,2,2
838,Jilleen,Stocky,934117,R2D2,2,2
839,Horace,Croxford,807739,R4R1,3,1
840,Mic,Conerding,122013,M420,1,2
841,Carlynn,Boatswain,548775,R2D2,2,2
842,Casie,O'Cannan,379995,R2D2,2,3
843,Marylee,McCerery,655656,R2D2,1,3
844,Kenton,Mobius,387479,R2D2,1,1
845,Herman,Fanton,854449,R2D2,2,3
846,Gunter,Fucher,958662,M420,3,3
847,Karissa,Pinching,76958,R2D2,1,3
848,Mechelle,Lankester,267683,R2D2,1,3
849,Gallard,Burnie,802620,R4R1,2,2
850,Elaina,Dovydenas,486396,R2D2,2,1
851,Patty,Goburn,926794,R4R1,2,3
852,Adi,Mateuszczyk,684161,M420,2,1
853,Decca,Kimbling,936739,R2D2,1,3
854,El,Cochern,72495,M420,1,1
855,Kellina,Hryncewicz,519549,M420,3,2
856,Allie,Loram,68958,R2D2,1,1
857,Romeo,Duling,12730,R4R1,2,2
858,Cesare,Wiper,848727,R4R1,1,3
859,Vinnie,Geerdts,895414,R4R1,2,2
860,Eric,Etchells,450065,R4R1,3,1
861,Winny,Grisdale,669125,M420,2,3
862,Ebenezer,Mebs,710354,M420,1,2
863,Demetrius,Ruppele,625496,R4R1,3,3
864,Ezri,Londsdale,132224,R2D2,3,2
865,Sibbie,Olijve,622086,M420,2,2
866,Cathrin,Dow,411288,R2D2,2,2
867,Simon,Streader,923876,M420,1,2
868,Twila,Rosewarne,395789,M420,2,3
869,Erika,Kibby,75368,M420,2,3
870,Kippie,Gravells,109836,R4R1,1,3
871,Adina,Goodship,823046,R4R1,1,2
872,Cecilia,Walsh,197685,M420,2,1
873,Vere,Bindin,637856,R4R1,2,1
874,Farrell,Rodd,861405,R2D2,3,3
875,Helen,Elgie,421039,R2D2,3,3
876,Ros,Rycroft,427930,R2D2,1,1
877,Roseline,Seymark,828529,R4R1,2,3
878,Meridith,Partner,60191,R4R1,1,2
879,Hinze,Huddart,791472,M420,2,1
880,Appolonia,Killcross,245657,R4R1,1,1
881,Seumas,Mozzetti,620779,M420,1,3
882,Odilia,Tickle,87399,R2D2,2,3
883,Shermie,Arno,637730,M420,1,3
884,Delmore,Ludlam,673473,R2D2,3,3
885,Anatollo,Hoff,361378,R2D2,3,2
886,Jervis,Aspall,652748,R2D2,1,1
887,Cal,Worsalls,435469,M420,1,1
888,Lucy,Voff,76318,R2D2,2,3
889,Stillmann,Bonifant,579470,M420,2,1
890,Bartel,Hurche,979574,R4R1,2,3
891,Giorgio,Scherer,170862,R2D2,2,3
892,Virgilio,Stidson,137756,M420,3,1
893,Doretta,Collington,885326,M420,3,1
894,Beulah,Fryer,470671,R4R1,2,3
895,Gloriane,Barrass,13065,M420,3,1
896,Isador,Denis,733315,R4R1,1,1
897,Moreen,Gowler,168708,R2D2,1,2
898,Johna,Krier,624773,R4R1,1,3
899,Ira,Lloyds,657838,R2D2,2,2
900,Denys,Gauford,682418,M420,2,2
901,Ilyssa,Daniellot,715014,R4R1,3,3
902,Gilbertine,Flucker,769708,R2D2,3,3
903,Felix,Atley,157330,M420,1,1
904,Bancroft,Seeviour,28078,M420,3,1
905,Rosalynd,Alden,840339,M420,3,2
906,Kaitlynn,Decourt,300045,R4R1,2,2
907,Mattie,Pullin,859021,R2D2,3,3
908,Rosalia,Ludlem,904870,R2D2,1,3
909,Concettina,Clemenson,17170,R4R1,2,3
910,Byran,Kullmann,412771,R4R1,3,2
911,Hilda,Syddall,246955,M420,2,1
912,Charity,Antoniat,150420,R2D2,2,2
913,Zacharie,Manz,432688,R2D2,3,3
914,Cassius,Machan,557338,R2D2,2,1
915,Ainslie,Paal,830978,R2D2,3,2
916,Corly,Parratt,436862,M420,1,3
917,Jori,Hacquoil,131889,R4R1,3,3
918,Elspeth,Oldam,729758,R4R1,3,2
919,Rosalinde,Mahody,720921,R2D2,1,3
920,Dorey,Imbrey,429012,R4R1,3,2
921,Dyane,Deverose,101986,M420,2,1
922,Evey,Oertzen,234260,R2D2,3,2
923,Chaunce,Strangwood,900118,R2D2,2,3
924,Keary,Fadian,931948,R4R1,3,1
925,Engelbert,Tumbelty,32142,R4R1,1,2
926,Marji,Woodroffe,505718,R4R1,3,3
927,Lonni,Trill,174059,R4R1,2,1
928,Celina,Kahn,881806,R4R1,3,1
929,Karlotte,Marzelo,666675,M420,3,3
930,Katrinka,Ends,903184,R4R1,3,3
931,Louie,Shillitoe,874999,M420,1,1
932,Darnell,Botten,289069,R2D2,1,1
933,Fianna,Bosomworth,88700,R2D2,1,2
934,Konstance,Stranaghan,359260,R2D2,2,2
935,Bartolomeo,Duce,247556,R4R1,1,3
936,Odele,McDuffie,212969,R4R1,3,1
937,Arlyn,Sibborn,595577,R2D2,2,3
938,Kitty,Kemery,473049,M420,2,1
939,Worthington,Swait,168256,M420,2,3
940,Timmie,Falls,862254,R2D2,1,3
941,Chrystel,Roddell,276509,M420,2,3
942,Anderea,Spearett,794698,M420,3,2
943,Myca,Ivashkin,29325,M420,1,2
944,Devina,Kabos,671351,R2D2,1,2
945,Hurlee,Ceresa,531725,R4R1,2,1
946,Sergent,Decort,991206,R2D2,2,2
947,Bay,Paoli,884261,M420,2,3
948,Sukey,Nevin,882041,M420,3,1
949,Polly,Jephcott,161686,R2D2,3,1
950,Mireielle,Bowker,297137,M420,2,1
951,Blanch,Molyneaux,563589,R2D2,1,2
952,Derry,Gaskill,142773,M420,1,2
953,Kamillah,Arbuckel,563505,M420,3,2
954,Weider,Sango,724840,R4R1,1,2
955,Smith,Salazar,540982,R2D2,3,2
956,Roxie,Ovey,325226,R4R1,3,1
957,Irvine,Kilby,818788,R4R1,2,2
958,Alec,D'Arrigo,465930,M420,2,1
959,Simonne,Majury,478542,M420,1,2
960,Sherrie,Dahlbom,718733,R4R1,1,2
961,Ursola,Spearman,748293,R4R1,1,1
962,Roland,McCowen,958907,M420,2,1
963,Minni,Vero,72833,R4R1,2,1
964,Hazel,Mandrier,272749,R4R1,2,1
965,Janey,Bilby,865539,R4R1,3,2
966,Gilda,While,143739,R2D2,2,1
967,Dulcy,Gowers,984619,R4R1,1,3
968,Uriah,Gotthard.sf,450828,R2D2,3,2
969,Marjory,Maryet,780219,R4R1,1,2
970,Laina,Corkett,752767,R4R1,3,2
971,Clayborne,Aldersea,929422,R4R1,2,2
972,Timofei,Hoyland,51323,M420,3,1
973,Abbe,Dafter,466503,R2D2,3,1
974,Yorker,Starking,113293,M420,2,3
975,Austen,Landsborough,694617,R2D2,3,3
976,Amalle,Guerrazzi,513807,R4R1,2,3
977,Abagail,Ramas,247398,R4R1,2,1
978,Bridget,Sivorn,650370,R4R1,1,2
979,Marcelo,Juanes,565280,R4R1,1,2
980,Terrence,Toffler,112855,R2D2,1,1
981,Chlo,MacFadzean,342796,R2D2,2,2
982,Gun,Scothern,323950,R4R1,2,1
983,Lewes,Doumer,750394,M420,2,2
984,Hyacintha,Mitchelmore,97721,R4R1,2,1
985,Stephen,Norcliffe,420386,R4R1,3,2
986,Nixie,Elia,759359,M420,2,2
987,Urbano,Happel,559029,R2D2,2,3
988,Laird,Bennellick,502427,M420,1,2
989,Camilla,Edgington,499170,R4R1,3,3
990,Gabie,Bestiman,288449,R4R1,2,3
991,Wilburt,Axston,87410,R4R1,1,1
992,Teresita,Mignot,203293,R4R1,3,2
993,Marcus,Stables,445311,R4R1,2,1
994,Marisa,Ubach,543505,R2D2,3,2
995,Cecilius,Cavendish,94660,R4R1,2,1
996,Cassandre,Pleasance,834975,R2D2,1,2
997,Elihu,Coneybeer,338800,R4R1,1,2
998,Fanny,Blakebrough,741058,M420,2,2
999,Robbyn,Consterdine,131629,R4R1,1,2
1000,Powell,Dalrymple,706896,R4R1,3,3
