id,name,lastname,price,flycode,typePassenger
1,Nicole,Gatfield,533185,G4LO,2
2,Paulina,Locksley,39316,G4LO,3
3,Carver,Scotchmore,375398,G4LO,2
4,Jamill,Lurner,687842,M420,2
5,Kenny,Gut,51120,M420,3
6,Damien,Cragell,718524,23F3,3
7,Polly,Thompson,435835,M420,1
8,Hatti,McGiff,946960,T612,1
9,Karlen,MacTurlough,413875,M420,3
10,Beale,Owers,898568,23F3,1
11,Vince,Keelin,962194,23F3,3
12,Garik,Andersen,224826,23F3,3
13,Grady,Bulbeck,663309,G4LO,1
14,Jeannette,Swanston,906364,23F3,2
15,Yovonnda,Arenson,970666,23F3,2
16,Koenraad,Martinon,944428,M420,1
17,Brendis,Guyan,667794,23F3,1
18,Sanson,Mold,964220,23F3,1
19,Simona,Keast,222133,M420,3
20,Ben,Ketch,596462,G4LO,2
21,Gene,Santoro,784048,M420,1
22,Kiri,Downton,51967,G4LO,3
23,Wrennie,Cornejo,384021,23F3,3
24,Sadella,Benardeau,995980,23F3,3
25,Devi,Issacov,204029,G4LO,1
26,Nariko,Kempe,452741,G4LO,3
27,Emmie,Stickney,683205,G4LO,1
28,Shirlee,Hunnybun,102781,23F3,1
29,Fraze,Blunn,957497,M420,2
30,Corine,O'Fogarty,974281,T612,1
31,Erasmus,Gatman,197047,T612,3
32,Sawyer,Whitehorne,755657,T612,1
33,Stephenie,Bausor,95911,T612,1
34,Meara,Risborough,791698,23F3,1
35,Noel,MacNeish,239381,G4LO,3
36,Wells,Studders,628806,M420,3
37,Ann,Bramelt,96644,G4LO,3
38,Wesley,Kennelly,927157,23F3,3
39,Margo,Gladwell,793039,T612,2
40,Nevin,Kliemann,977214,M420,3
41,Howard,Brayfield,994281,T612,1
42,Sharity,Bazoche,118918,T612,1
43,Amii,Bellison,212420,M420,3
44,Bunni,Jerisch,627978,23F3,3
45,Nickey,Petriello,499092,M420,2
46,Irving,Massinger,256688,M420,1
47,Dasie,Cousin,212676,23F3,3
48,Dosi,Pawson,872384,M420,2
49,Ivan,Stride,100126,M420,1
50,Manolo,Van Bruggen,172338,G4LO,1
51,Hal,McAllester,642920,23F3,1
52,Magnum,Spender,328552,23F3,2
53,Beatrisa,Cumes,286655,23F3,1
54,Judon,Doale,689480,T612,3
55,Liliane,Law,275954,M420,3
56,Ephrayim,Merck,561742,T612,1
57,Salvidor,Cardall,249155,M420,3
58,Baird,Medlen,59610,M420,1
59,Trever,Rogger,561271,T612,1
60,Bondie,Hartman,639968,T612,2
61,Kaleena,Dubois,107865,M420,2
62,Honoria,Fittall,583963,23F3,3
63,Ariana,Derges,684101,T612,3
64,Erinn,Rosenthaler,539105,M420,2
65,Clywd,Bexley,598787,23F3,1
66,Shina,Ashingden,96045,23F3,1
67,Chandra,Woolner,953162,23F3,3
68,Jamesy,Jovasevic,706405,M420,1
69,Cacilia,Knoles,682317,23F3,1
70,Colly,Haston,891048,M420,2
71,Tiffani,Legerwood,503376,M420,1
72,Arlan,Harmson,598409,T612,3
73,Garth,Ebenezer,987584,M420,2
74,Dot,Carwithim,25621,23F3,2
75,Penelopa,Graal,247104,G4LO,3
76,Correna,Teulier,997210,23F3,2
77,Lurline,Knightsbridge,523847,T612,2
78,Gilburt,Blacksell,955025,M420,3
79,Eadmund,Penswick,564147,T612,2
80,Ethelda,Vasiliev,368054,23F3,3
81,Delainey,Noteyoung,538799,T612,3
82,Moyna,Garbott,662841,M420,2
83,Darnell,Jewkes,994263,23F3,2
84,Katerina,Pettiford,376060,M420,1
85,Alfonso,Crilley,571767,M420,2
86,Charil,Sumpton,660640,23F3,3
87,Derwin,Geratasch,685677,G4LO,2
88,Genny,Morehall,789225,G4LO,2
89,Cliff,McIndrew,636914,G4LO,3
90,Emmie,Bagg,288823,T612,2
91,Hunfredo,Cheatle,155421,23F3,2
92,Rupert,Lowless,532417,23F3,3
93,Findley,Ambler,539133,T612,3
94,Rutter,Biggar,116416,M420,3
95,Gearard,Marlen,789237,23F3,2
96,Arther,Gilpillan,367375,T612,1
97,Kerrill,Halligan,468864,G4LO,3
98,Barry,Duerden,58923,M420,3
99,Rhonda,Dielhenn,199137,G4LO,1
100,Ardisj,Augur,933487,M420,2
101,Melly,Gouldstone,907765,23F3,3
102,Tine,Huby,806182,G4LO,1
103,Ursola,Whiteley,412996,G4LO,3
104,Devonne,Frid,525325,M420,3
105,Phillip,Staker,71871,23F3,1
106,Astrix,Huckel,858034,T612,3
107,Genevra,Lehr,694391,M420,1
108,Bing,Shrimplin,339779,M420,3
109,Tamarah,Ravenscraft,360264,G4LO,3
110,Costa,Douthwaite,201218,T612,1
111,Sancho,Mallalieu,195984,G4LO,3
112,Elston,Jenkin,261688,23F3,2
113,Constantia,Megahey,911564,G4LO,3
114,Rozalin,Hubbert,73410,T612,2
115,Lucien,Hullins,466594,M420,1
116,Adelle,Eary,19589,M420,1
117,Micheline,Shinton,897887,23F3,2
118,Elmer,Swetenham,591759,23F3,2
119,Mona,Blainey,974634,23F3,1
120,Susan,Brisse,825540,23F3,3
121,Jillene,Cornbill,351133,T612,3
122,Appolonia,Sherar,100040,M420,1
123,Yorke,Blease,874997,T612,2
124,Balduin,Skule,516604,T612,1
125,Wyn,Wisby,630280,23F3,3
126,Hyacinthia,Innott,13959,23F3,1
127,August,Roddy,987554,T612,2
128,Tedman,Thynn,821806,T612,1
129,Carolan,Royan,525067,23F3,2
130,Hugues,Ickowics,348561,M420,1
131,Derk,Walls,117755,G4LO,1
132,Lindsey,Dobbing,207905,M420,2
133,Sheffield,Bromont,662545,23F3,1
134,Lombard,Bangs,617427,G4LO,1
135,Cassius,Elgram,769637,G4LO,3
136,Nester,Blackaller,332789,T612,1
137,Judas,Dewdney,700158,23F3,2
138,Zacherie,Capini,725761,M420,1
139,Shell,Rumens,532077,G4LO,2
140,Oralee,Osanne,867843,M420,3
141,Jock,Tripcony,485976,G4LO,3
142,Ken,Shattock,661863,T612,1
143,Lacie,Heyns,718214,G4LO,3
144,Emalia,Wayvill,550810,T612,1
145,Bern,Skittrall,701261,T612,1
146,Trixy,Dundon,741697,23F3,2
147,Miner,Christescu,514903,T612,2
148,Wilmar,Curado,435171,M420,2
149,Lothario,Prantl,449875,M420,2
150,Ara,Belbin,791787,T612,2
151,Bobbie,Lemonnier,593464,G4LO,2
152,Zabrina,Buckerfield,780611,23F3,3
153,Faustine,Gruszczak,854442,G4LO,1
154,Dagmar,Plessing,617155,M420,2
155,Stu,Yes,268923,M420,1
156,Laetitia,Boggers,438905,G4LO,2
157,Curran,Hartford,827730,T612,1
158,Mordecai,Prestner,984458,M420,3
159,Kareem,Gratrex,77391,G4LO,3
160,Bambie,Beushaw,880885,23F3,1
161,Joli,Daniels,208893,23F3,3
162,Dulcy,Biggs,161129,23F3,1
163,Elane,Dufour,758761,G4LO,1
164,Westbrooke,Vido,524392,23F3,3
165,Mic,Matyasik,721017,M420,3
166,Daniele,Hingeley,75851,G4LO,1
167,Lamont,Villa,18213,M420,3
168,Charleen,Sambeck,23731,M420,2
169,Teodoor,Newsham,174387,T612,2
170,Hilton,Jelkes,206932,23F3,1
171,Euphemia,Crouch,116933,M420,3
172,Leone,Barnicott,445533,T612,2
173,Melissa,Bushnell,420191,G4LO,1
174,Rosanna,Van Hesteren,269573,M420,2
175,Tris,Crosthwaite,215050,23F3,1
176,Dilly,Bogges,989589,G4LO,3
177,Harcourt,Shackleford,378650,T612,3
178,Karla,Lethabridge,937661,23F3,2
179,Ephrayim,Shewery,337820,T612,1
180,Leandra,Purkiss,859553,23F3,1
181,Nancee,Tabourier,834983,G4LO,1
182,Denny,Foan,758201,T612,1
183,Kale,Swigger,420248,G4LO,1
184,Kathlin,Aris,997646,23F3,2
185,Merla,Simmon,169307,G4LO,1
186,Morganne,Annable,424057,G4LO,1
187,Vinni,Cramp,284174,G4LO,2
188,Lauritz,Timeby,235715,23F3,1
189,Alexia,Rawlin,240862,G4LO,2
190,Chane,Frede,954985,G4LO,2
191,Jamill,Myers,270309,23F3,3
192,Amalita,Farloe,218242,T612,1
193,Rebecka,Schule,869843,T612,3
194,Micheil,Long,662759,G4LO,1
195,Winnah,Ledgard,833347,23F3,2
196,Nikola,Micah,265390,M420,3
197,Gun,Eslie,548557,T612,1
198,Bonnibelle,Toffanini,571637,G4LO,2
199,Giffer,Avramovic,373813,M420,3
200,Alta,Chrippes,502419,23F3,3
201,Lynnelle,Pinney,599575,M420,3
202,Nannette,Moorey,984087,M420,3
203,Ricard,Maultby,997231,G4LO,1
204,Preston,Swaite,442172,T612,3
205,Yancy,Chstney,969572,M420,3
206,Janean,Such,852860,T612,2
207,Claudell,Dalling,419542,G4LO,2
208,Helen-elizabeth,Kaser,681905,G4LO,3
209,Pail,Moore,705177,T612,3
210,Carrissa,Varden,574144,G4LO,3
211,Luigi,Pennings,898819,G4LO,2
212,Elwyn,Cleyne,416234,23F3,1
213,Roobbie,Wesley,986655,G4LO,2
214,Ronald,Abrami,572616,23F3,3
215,Winifred,Drewry,776941,T612,1
216,Aurthur,Klimpt,658658,T612,3
217,Jim,Gundry,197060,M420,3
218,Buckie,Kirby,522270,M420,3
219,Brandi,Rawdales,792101,T612,1
220,Walton,Verrall,515499,T612,2
221,Merissa,Goford,410687,23F3,3
222,Sarah,Dartnell,790493,G4LO,3
223,Barn,Belmont,921207,G4LO,2
224,Glenine,Hully,486375,23F3,2
225,Raul,Philipeau,880490,T612,1
226,Gibb,Vaisey,234766,M420,3
227,Betti,Sorsbie,879997,23F3,3
228,Ram,Collingham,655232,G4LO,3
229,Dur,Cadalleder,760765,G4LO,2
230,Rutledge,Tedorenko,167829,23F3,1
231,Mead,Trathan,631181,M420,3
232,Pacorro,Leasor,188821,M420,1
233,Celie,Benza,481926,T612,3
234,Austen,Straun,178605,M420,3
235,Gherardo,Boncoeur,439441,G4LO,2
236,Doreen,Serjent,321799,T612,1
237,Marco,Andreasen,38677,G4LO,1
238,Lyndsie,Landell,70148,T612,2
239,Lazarus,Finkle,424610,23F3,2
240,Jereme,Creany,91889,23F3,3
241,Ermentrude,Markie,786793,G4LO,3
242,Carolann,Skotcher,243263,23F3,1
243,Ingra,Middler,412410,23F3,2
244,Haslett,Vatcher,473963,23F3,2
245,Clemmie,Dashkovich,369089,23F3,2
246,Judi,Holby,679421,M420,3
247,Pierre,Iacopo,723349,G4LO,1
248,Brina,Gisburn,759749,23F3,2
249,Loutitia,Lidell,918387,23F3,2
250,Prissie,Backshell,961043,T612,1
251,Katee,Bomb,695449,G4LO,3
252,Atlante,Dorman,64168,M420,3
253,Cathy,Schultze,393299,23F3,1
254,Brok,Livsey,958329,G4LO,3
255,Alexandrina,Caplan,709677,M420,2
256,Warren,Maffetti,612946,T612,2
257,Georg,Berecloth,34496,23F3,2
258,Patten,Havoc,860024,M420,3
259,Antone,Mintoff,329575,G4LO,1
260,Diannne,Kowalski,527804,M420,1
261,Becka,Lucien,546345,M420,3
262,Ddene,Elan,689952,M420,3
263,Niccolo,Beardshaw,596653,M420,2
264,Maryann,Pattrick,210040,M420,3
265,Seumas,Camilleri,566913,23F3,3
266,Elliot,Keynd,932644,23F3,3
267,Aloysius,Sher,333563,T612,1
268,Chip,Arman,495614,M420,1
269,Gayler,Quinnette,272266,23F3,1
270,Maitilde,MacGiolla,208252,T612,3
271,Roby,Babar,219385,G4LO,2
272,Bennie,Orrobin,642941,G4LO,2
273,Peggi,Warratt,211982,T612,3
274,Shelby,Revill,187511,G4LO,3
275,Jacquelyn,Dorning,530427,T612,3
276,Ilsa,Dominico,889511,M420,2
277,Des,Hutchence,690946,23F3,3
278,Berna,Settle,964884,23F3,2
279,Angel,Ickovitz,808942,23F3,1
280,Ancell,Lantaff,22942,M420,2
281,Dalton,Paolone,314597,M420,1
282,Nollie,Rolfe,310683,T612,3
283,Rabi,Drain,968853,23F3,2
284,Lock,Trobey,686592,G4LO,3
285,Farlie,Basindale,925765,M420,3
286,Margaux,Stearns,648495,G4LO,2
287,Manuel,Millett,706606,23F3,1
288,Millisent,Ganforth,46366,G4LO,3
289,Karney,Kynge,686097,T612,2
290,Marena,McMillian,603904,T612,2
291,Idaline,Emps,46042,T612,3
292,Muire,Woodley,129034,T612,1
293,Guy,MacGillicuddy,521838,23F3,3
294,Harcourt,Oguz,407872,T612,1
295,Liz,Pichmann,468898,M420,2
296,Isacco,Kippie,104259,23F3,1
297,Jillene,Boriston,538486,T612,2
298,Murial,Seydlitz,576066,23F3,1
299,Standford,Arnaud,580458,G4LO,3
300,Gilberte,Picot,986515,M420,1
301,Blythe,Bacon,606256,G4LO,2
302,Barty,Mattaser,133018,T612,1
303,Rolland,Causton,329532,G4LO,3
304,Giulia,Murrey,245633,M420,2
305,Andi,Vidineev,91467,M420,3
306,Giacopo,Cotte,188062,T612,2
307,Gerrilee,Annesley,124066,G4LO,3
308,Tammie,Hallsworth,99815,T612,2
309,Kiele,Nassie,242871,G4LO,3
310,Patti,Wall,641583,G4LO,3
311,Benton,Gatehouse,413769,M420,2
312,Juliann,Pooly,433280,23F3,2
313,Rollin,Matis,275885,23F3,1
314,Angelique,Bysouth,990027,G4LO,2
315,Carma,Ziemen,189988,G4LO,2
316,Justinn,Ismirnioglou,265856,G4LO,3
317,Abbie,Loughead,494921,G4LO,1
318,Engracia,Catherine,695940,T612,2
319,Irita,Gaspero,249188,T612,1
320,Janis,Codron,218801,23F3,1
321,Rodi,Croysdale,542930,M420,1
322,Clay,Jakubovski,32590,M420,1
323,Ofelia,Avrasin,13634,G4LO,2
324,Pier,Braidford,303724,T612,3
325,Genny,Worthington,815359,M420,2
326,Davon,Langlais,781319,G4LO,3
327,Elizabeth,Bulter,176855,T612,2
328,Dar,Hanne,962112,23F3,3
329,Ximenes,Bushaway,716888,T612,2
330,Waylon,Morteo,759683,M420,2
331,Aguistin,Shoreson,591305,G4LO,1
332,Ella,Labrom,270330,23F3,2
333,Alfie,Gatland,588416,23F3,1
334,Tomasine,Twinning,977261,T612,2
335,Frank,Cornelissen,813275,G4LO,1
336,Nevin,Gillard,693912,M420,3
337,Amye,Paraman,515380,T612,1
338,Orion,Allcroft,171745,T612,3
339,Tuck,Ladbury,10544,T612,2
340,Rubia,Bau,158893,G4LO,1
341,Cicely,Christoforou,906382,M420,2
342,Rhoda,Broadbere,903405,23F3,3
343,Klarrisa,Nortcliffe,192997,M420,3
344,Barrett,Meakes,411561,M420,3
345,Jeanne,Ward,536394,G4LO,3
346,Wyatt,Anneslie,190058,23F3,3
347,Vinita,Burril,976351,23F3,1
348,Bonni,Prewer,855554,M420,2
349,Sanderson,Hooban,735236,T612,1
350,Giff,Wildbore,228508,G4LO,3
351,Gusta,Rother,237817,T612,2
352,Torrence,Hasslocher,341503,23F3,1
353,Roshelle,Libbis,344070,23F3,1
354,Ruby,Degli Abbati,286049,M420,2
355,Isacco,Hundell,709682,M420,2
356,Rooney,Mumm,168807,23F3,2
357,Jacinthe,Radbond,577273,23F3,1
358,Nadya,Chalice,502633,G4LO,1
359,Nani,Sallinger,735603,T612,3
360,Laryssa,Ewbanche,737909,M420,1
361,Cori,Mennell,99803,M420,3
362,Felecia,Lantuff,487020,T612,1
363,Orlando,Luxton,291472,23F3,1
364,Hammad,Cashell,292694,G4LO,1
365,Domenic,Krammer,172076,G4LO,3
366,Alma,Matyushonok,256539,23F3,2
367,Lance,Frankham,598937,T612,3
368,Garald,Jaspar,34785,G4LO,2
369,Eamon,Cheeney,245525,M420,1
370,Franky,Macer,289171,T612,3
371,Sande,Ough,434109,M420,2
372,Abbi,Dybald,501609,23F3,1
373,Krystle,Sprott,927294,23F3,2
374,Jacinthe,Hillaby,26610,M420,2
375,Dionysus,Atyeo,549260,M420,3
376,Murial,Northall,103452,M420,1
377,Tamiko,Giddins,510746,M420,2
378,Sarine,McCluin,860515,M420,3
379,Kellen,Rosa,840705,G4LO,1
380,Candide,Alliker,443919,M420,1
381,Fay,Toman,565318,M420,1
382,Cam,Fulham,921971,G4LO,3
383,Barb,Varey,939557,M420,1
384,Fifi,Carlick,44308,M420,2
385,Kennith,Hawkyens,365262,G4LO,3
386,Fay,Mattacks,531803,T612,1
387,Morlee,Gerriessen,46057,T612,3
388,Elsie,Burkinshaw,645943,M420,1
389,Kimball,Tuffs,822749,G4LO,2
390,Cesya,Issacson,963761,23F3,1
391,Luca,Bambury,319927,G4LO,3
392,Renado,Saffle,478246,G4LO,2
393,Selinda,Gouldsmith,65375,23F3,3
394,Corena,Pickering,718765,G4LO,1
395,Romona,McCloy,921143,23F3,1
396,Blancha,Martijn,260403,23F3,3
397,Jackson,O'Roan,775243,G4LO,3
398,Carilyn,Rooksby,917862,23F3,2
399,Moll,Oppery,472173,G4LO,3
400,Chad,Dymocke,50917,M420,1
401,Jessalin,Gheorghe,167867,T612,3
402,Ag,McElmurray,770712,G4LO,1
403,Kean,Tilly,535107,M420,3
404,Iseabal,Eite,344329,M420,1
405,Opalina,Wadhams,58862,G4LO,2
406,Westley,Cornick,820399,T612,2
407,Matthiew,Conklin,348216,23F3,2
408,Flori,Pie,832778,G4LO,3
409,Nalani,Core,151742,G4LO,1
410,Sloane,Farnall,104813,G4LO,3
411,Louise,Fetter,365302,G4LO,3
412,Lenci,Briance,126986,M420,3
413,Cherlyn,Benford,155794,M420,3
414,Hugibert,Danielsohn,741580,M420,1
415,Adlai,Corwood,96348,M420,2
416,Darcy,Rapsey,456218,G4LO,3
417,Giuditta,Po,687991,G4LO,1
418,Rhona,Branno,990486,T612,1
419,Tammie,Semorad,590000,M420,1
420,Chariot,Kenington,29302,T612,3
421,Robinet,Delicate,320912,23F3,1
422,Gelya,Bachman,892687,T612,1
423,Laura,Lowne,843312,M420,2
424,Lyn,Searles,67823,23F3,3
425,Chic,Halpeine,342044,23F3,1
426,John,Escreet,206881,M420,3
427,Chrotoem,Macklam,57597,T612,1
428,Reade,Melmar,85543,T612,3
429,Dahlia,Josefsohn,800987,G4LO,1
430,Kitty,Dome,400658,T612,1
431,Terry,Nezey,39211,G4LO,2
432,Rachelle,McCray,754472,T612,1
433,Jeni,Whittek,537348,23F3,1
434,Nanice,Geany,129128,23F3,3
435,Rochelle,Rosario,589432,23F3,1
436,Ginelle,Benmore,170612,M420,2
437,Laina,Capaldi,217844,M420,2
438,Waly,Skym,726239,23F3,2
439,Ella,Gregoli,88479,M420,1
440,Chryste,Anslow,592152,23F3,1
441,Noreen,Desantis,26026,M420,3
442,Mikkel,Dargan,17988,M420,2
443,Alexio,Girardot,975499,T612,2
444,Yolane,Langworthy,696480,23F3,3
445,Abrahan,Healy,305470,T612,3
446,Tucky,MacShane,976076,G4LO,1
447,Jackquelin,Margeram,943224,T612,2
448,Katerine,Perche,713009,G4LO,2
449,Cristi,Neale,687855,T612,1
450,Prentiss,Alban,393119,23F3,3
451,Malachi,Woltman,201818,23F3,3
452,Eleanor,Fradgley,131594,23F3,1
453,Boone,Bratt,684810,T612,2
454,Hildegaard,Cathery,735962,23F3,3
455,Radcliffe,Josuweit,126055,M420,2
456,Fawn,Ransfield,296887,23F3,1
457,Darin,Ridgers,356018,M420,1
458,Darn,Stonier,714376,T612,1
459,Bartholemy,Radbourn,235356,G4LO,1
460,Siana,Loughney,797596,23F3,2
461,Averil,Rosberg,568974,T612,3
462,Ami,Reisk,311052,23F3,3
463,Taber,Garvin,458260,T612,2
464,Vasilis,Blaiklock,41676,T612,1
465,Husain,Santoro,371949,23F3,3
466,Gerry,Peschka,924693,M420,2
467,Calla,Thorley,505625,M420,3
468,Elladine,Dibbin,456930,23F3,2
469,Homerus,Routledge,779709,M420,1
470,Almira,Raffels,952285,M420,3
471,Herb,Thicking,175785,T612,3
472,Bryana,Blasiak,750908,23F3,2
473,Jess,Atley,594004,M420,1
474,Swen,Schafer,773204,T612,2
475,Sybyl,Veschi,40471,T612,1
476,Desmund,Gudde,920910,23F3,2
477,Kristopher,Thombleson,792902,G4LO,1
478,Micki,Hurles,445608,T612,3
479,Sabra,Seniour,80563,23F3,1
480,Merwyn,Lillecrap,75608,T612,1
481,Sonnie,Grishunin,714871,23F3,1
482,Andreana,Somers,368223,G4LO,1
483,Mallissa,Burnsell,453471,M420,2
484,Merralee,Brumby,595853,M420,2
485,Bartram,Skillett,111299,M420,3
486,Delmore,Devonshire,486446,T612,1
487,Pasquale,Syrett,731116,23F3,1
488,Spencer,Timmis,473491,G4LO,2
489,Graham,Buick,320082,G4LO,1
490,Grantham,Lazenby,621335,M420,3
491,Clarita,Anthony,80773,M420,1
492,Rebekah,Keene,667449,G4LO,2
493,Tarah,Mallett,702146,T612,3
494,Cordelia,Lethcoe,97588,23F3,1
495,Josefa,Cree,460526,G4LO,2
496,Julia,Guinery,752114,M420,1
497,Francene,St. Hill,169456,T612,2
498,Vanya,Borrington,945924,G4LO,1
499,Mei,Hebbs,347734,T612,1
500,Karilynn,Bere,444899,M420,2
501,Minnie,Halwell,738160,23F3,1
502,Jasmin,Dober,562095,G4LO,1
503,Sibbie,Grindle,266686,M420,2
504,Tripp,Myatt,410362,G4LO,1
505,Mikel,Roskruge,100443,T612,1
506,Omar,Rittmeier,162816,G4LO,2
507,Randene,Guilfoyle,496142,23F3,1
508,Pattie,Huleatt,821993,G4LO,2
509,Howie,Pietrasik,84901,T612,2
510,Stevana,Kivlehan,477999,T612,3
511,Carole,Kinder,43179,T612,2
512,Averill,Cahn,430947,M420,1
513,Lorena,Stollberger,861823,23F3,1
514,Winfred,Danilovich,415199,G4LO,3
515,Sela,Jennison,85497,G4LO,3
516,Elka,Moppett,694902,M420,1
517,Devondra,Redhole,770282,G4LO,3
518,Kristin,De Meis,740585,M420,2
519,Melodee,Ladewig,584575,M420,3
520,Fielding,Minithorpe,701408,M420,3
521,Yul,Ruston,409174,M420,1
522,Siusan,Eskrick,366128,G4LO,2
523,Saunder,Shale,803377,G4LO,2
524,Candida,Culverhouse,635291,G4LO,1
525,Ferdinand,Andrew,294394,G4LO,2
526,Cesaro,Yeardsley,861680,23F3,1
527,Juliette,Cutbirth,525922,23F3,2
528,Jorge,Ferrarone,986515,23F3,3
529,Adolphus,Viel,24339,G4LO,1
530,Natassia,Catmull,764376,G4LO,1
531,Margette,Eefting,790892,T612,3
532,Crissie,Moohan,559157,T612,2
533,Shaun,McShane,950105,G4LO,3
534,Georgeta,Feedham,821222,23F3,2
535,Shannen,Tousey,707089,23F3,3
536,Lula,Arndtsen,584579,23F3,1
537,Casie,Berkeley,703672,G4LO,1
538,Koren,Mungham,77123,G4LO,1
539,Trevar,Baitey,37521,M420,3
540,Wynn,Skain,154997,G4LO,1
541,Aurie,Duncan,982906,G4LO,2
542,Abbey,Kleanthous,899823,G4LO,1
543,Talya,Shearmer,744901,T612,2
544,Boigie,Finneran,197492,G4LO,1
545,Camella,Keelinge,689812,M420,1
546,Myra,Thorneley,542405,M420,2
547,Tom,Maund,953881,23F3,3
548,Haily,Gouth,40028,23F3,1
549,Leupold,Paterno,106654,G4LO,1
550,Basilio,Sitford,155769,T612,1
551,Berget,Heyball,392533,T612,1
552,Reg,Tripney,480221,G4LO,3
553,Cybil,Crosham,795751,23F3,2
554,Herc,Crack,732771,T612,2
555,Emilee,Race,479500,23F3,3
556,Cassandre,Pierro,23196,23F3,2
557,Nariko,Kalinovich,666876,M420,2
558,Reagen,Menego,236068,M420,1
559,Garrard,Gladden,114811,G4LO,1
560,Tarra,Manlow,926492,23F3,1
561,Mari,Ray,816744,G4LO,3
562,Dode,Vollam,191034,M420,3
563,Christean,Doggrell,991904,M420,2
564,Germaine,Maxweell,249835,T612,3
565,Lem,Fallens,37372,23F3,1
566,Othello,Davern,584597,M420,1
567,Bernarr,Spittall,955403,M420,3
568,Pauly,Morkham,949645,G4LO,3
569,Nicola,Jina,656818,23F3,3
570,Marnia,Dorman,604481,T612,2
571,Herman,Latimer,639772,T612,2
572,Hatty,Rewan,68867,G4LO,1
573,Lilas,Jankiewicz,188548,G4LO,3
574,Rae,Pingstone,794839,M420,2
575,Muffin,Risbrough,527781,T612,1
576,Lanny,Fredi,319735,23F3,2
577,Chico,Keedy,166012,M420,2
578,Tiffie,Brekonridge,184490,G4LO,3
579,Georgina,Divall,348874,23F3,1
580,Eden,Cunniff,935646,23F3,3
581,Port,Bonefant,217420,23F3,3
582,Tammy,Tyer,374149,M420,3
583,Eugenio,Cicchillo,214279,23F3,1
584,Jorie,Amner,24897,T612,3
585,Roseann,Jaram,256935,M420,3
586,Bogey,Fairfoot,994265,T612,3
587,Brand,Climance,441821,M420,1
588,Udell,Emeney,129114,23F3,3
589,Orrin,Sherwell,503072,M420,1
590,Dew,McHarry,384968,M420,2
591,Gerty,Feldon,131039,T612,1
592,Janine,Scoines,942082,23F3,1
593,Cissiee,Littleover,794288,M420,3
594,Jaquelin,Duggary,692238,M420,1
595,Aloise,Dibner,697853,23F3,2
596,Corey,Hallick,513560,23F3,1
597,Jillane,Tissier,791595,23F3,2
598,Abbott,Eayrs,340003,23F3,2
599,Rici,Danne,659025,23F3,2
600,Kameko,Wingate,100692,M420,3
601,Raye,Upward,358752,T612,2
602,Tessie,Balcombe,640634,23F3,2
603,Cordy,Duly,672671,G4LO,2
604,Catlin,Priestner,663948,T612,3
605,Andrea,Hanton,167625,T612,3
606,Marrilee,Sokill,622775,23F3,2
607,Hamlen,Popham,929632,T612,2
608,Alford,Ravelus,633251,T612,3
609,Trude,Hollyman,986380,M420,3
610,Bevon,Newing,444409,23F3,2
611,Kylen,Lilly,758291,T612,1
612,Amery,Harness,58114,T612,2
613,Hammad,Camelia,444255,23F3,1
614,Xavier,Hamsher,634930,G4LO,3
615,Maddy,Konzelmann,238709,M420,2
616,Judah,Chavez,344098,G4LO,1
617,Nell,Pettegree,598809,G4LO,3
618,Mackenzie,Greenlies,562395,T612,3
619,Amie,Shaughnessy,795932,T612,1
620,Jeremias,Pyett,737617,23F3,3
621,Tuesday,Glinde,138954,T612,3
622,Casey,De Bruijne,131415,T612,3
623,Marsha,Dorken,891327,M420,2
624,Konstance,Ainsworth,390157,M420,1
625,Weylin,Benazet,260317,T612,2
626,Morey,Fredy,702740,T612,1
627,Ernaline,Aikenhead,302430,G4LO,3
628,Mervin,De Matteis,743415,G4LO,3
629,Jarad,Kayley,387741,23F3,3
630,Carlen,Bodimeade,372400,23F3,3
631,Gweneth,Ferrier,426008,M420,2
632,Nicolas,Fairbeard,280946,23F3,3
633,Rubina,Boddymead,913722,G4LO,2
634,Bron,Elacoate,862576,23F3,3
635,Foss,Beyn,932997,T612,2
636,Annamarie,Herreros,912406,G4LO,3
637,Bibi,De la Feld,806770,G4LO,1
638,Gretel,Dods,593137,23F3,3
639,Upton,Horwell,845391,G4LO,3
640,Melisande,Twiddell,660072,M420,3
641,Jerrilee,Daw,234526,G4LO,2
642,Sonia,Locke,278914,M420,3
643,Parsifal,Dadson,83521,T612,1
644,Cherie,Gerleit,951803,M420,3
645,Arlee,Cantrill,163039,G4LO,3
646,Rora,Honacker,334952,23F3,2
647,Alonso,Glendining,81065,23F3,1
648,Bing,Pigny,35637,23F3,1
649,Delmar,Disbrey,583574,G4LO,1
650,Sisely,Haycox,508009,23F3,2
651,Vince,Bosden,241916,G4LO,1
652,Lexine,Montacute,90111,T612,1
653,Jamie,Cowdery,649797,T612,1
654,Paige,Albrecht,876516,M420,2
655,Wolfie,Arnson,332418,G4LO,1
656,Leonhard,Clayfield,144973,T612,1
657,Ammamaria,Sugars,455625,23F3,2
658,Keenan,Onthank,343146,M420,1
659,Charmine,Hailes,513271,G4LO,1
660,Giacopo,O'Dulchonta,172077,G4LO,3
661,Valina,Rebert,127828,23F3,2
662,Stephana,Muschette,216150,G4LO,3
663,Butch,Rodrigo,396272,G4LO,3
664,Sutherlan,Hlavecek,937785,T612,2
665,Lucky,Tearney,271096,23F3,3
666,Crysta,Borrett,757787,G4LO,2
667,Octavia,Davy,214240,T612,2
668,Kippy,Poulton,209062,M420,2
669,Bryanty,Klehn,509155,T612,2
670,Rocky,Barbera,368241,23F3,1
671,Tailor,Labern,454357,M420,2
672,Beatrisa,D'Alwis,337932,T612,1
673,Elle,Matchett,556058,23F3,1
674,Kin,Stroulger,880443,G4LO,2
675,Joela,Marde,988753,M420,3
676,Ram,Elliston,596550,G4LO,3
677,Anthia,Conneau,511404,23F3,3
678,Skye,Wyse,780208,G4LO,1
679,Lisabeth,Ahern,294259,23F3,3
680,Sandor,Mabbot,126227,G4LO,1
681,Patrizius,O'Crigan,987151,T612,3
682,Geralda,Croker,126941,23F3,1
683,Isadore,O'Bradain,195183,G4LO,3
684,Mora,Whebell,996166,G4LO,2
685,Bernadine,Stobbe,836275,G4LO,3
686,Bond,Whinray,810455,G4LO,1
687,Venus,Washbrook,184578,G4LO,1
688,Kris,Teliga,570078,23F3,3
689,Ware,Hoffman,929855,G4LO,1
690,Laure,Marsh,279369,T612,1
691,Rahel,Cowthard,397993,M420,1
692,Lana,Minister,683972,23F3,2
693,Cassey,Faithfull,643311,M420,2
694,Dulcia,Pierrepoint,40338,23F3,2
695,Claiborn,Penburton,451398,T612,1
696,Tam,Hawk,164848,T612,2
697,Marten,Melluish,190159,T612,1
698,Thom,Redihalgh,132685,M420,3
699,Brion,Bexon,836364,T612,3
700,Henrie,Ianinotti,363266,G4LO,1
701,Carlye,Simnell,157902,M420,2
702,Mareah,Glanfield,850879,T612,3
703,Sheila,Quarterman,257926,T612,3
704,Mandel,Scutter,491125,23F3,1
705,Nevin,Hellyer,613995,23F3,1
706,Farra,Still,819386,23F3,3
707,Ofilia,Hucke,428410,T612,3
708,Sean,Tatersale,384752,M420,1
709,Sally,Sowray,845615,M420,3
710,Arturo,Jee,250955,G4LO,1
711,Marquita,Grocock,576366,M420,3
712,Ange,Tregea,915261,T612,3
713,Hall,Sign,675178,M420,3
714,Margit,Dufaire,761377,G4LO,3
715,Nicko,Aaronsohn,182510,M420,2
716,Timi,Wordington,933509,23F3,2
717,Igor,A'field,70605,G4LO,1
718,Graehme,Meatcher,405296,G4LO,1
719,Grace,Ready,433388,T612,1
720,Maryrose,Comi,380742,T612,3
721,Micaela,Hanway,36587,23F3,3
722,Lotte,Rouge,442699,T612,1
723,Karrah,Rao,401553,T612,2
724,Lief,Macquire,807223,G4LO,3
725,Ebony,Sheather,479623,G4LO,1
726,Bernadina,Shurrock,737738,G4LO,3
727,Trenton,Blincow,543660,M420,3
728,Anabella,Cocking,848171,M420,2
729,Forester,Leving,185437,23F3,3
730,Melita,Nary,423651,G4LO,3
731,Kippie,Simoens,11189,G4LO,1
732,Vanny,Evason,863946,G4LO,1
733,Moses,McElwee,434475,T612,2
734,Fidel,Blackaby,227369,T612,2
735,Wilmar,Cosins,197769,T612,1
736,Glen,Reasce,97362,M420,2
737,Dale,Wretham,899723,G4LO,3
738,Amelie,Kirwan,129063,M420,2
739,Rica,Befroy,492043,M420,1
740,Hi,Pallaske,109161,G4LO,1
741,Elyn,Kybert,951588,G4LO,2
742,Skipper,Rowcliffe,474759,M420,1
743,Dorothy,Mancktelow,39515,T612,3
744,Kameko,Stegell,127202,M420,2
745,Jacquette,Wittman,160259,23F3,1
746,Bab,Phibb,803274,M420,1
747,Alisha,Bridson,173062,M420,2
748,Derrik,Mannock,394105,T612,1
749,Frances,Dowgill,12975,G4LO,3
750,Arie,Cattell,475827,T612,2
751,Adina,Calcraft,420390,M420,2
752,Isiahi,Cathesyed,743841,M420,3
753,Marie-jeanne,Straun,221272,T612,3
754,Bogart,Izard,792198,23F3,1
755,Ketti,Lang,617505,M420,1
756,Clyde,Scaysbrook,11793,G4LO,3
757,Gwendolyn,Tenman,608028,G4LO,2
758,Giffie,Petegree,124679,T612,1
759,Saxon,Vlasin,184687,G4LO,3
760,Darsey,Doppler,790363,G4LO,3
761,Oran,Leppingwell,484147,M420,3
762,Giovanna,Elliff,232531,M420,2
763,Nanci,Sifflett,819300,G4LO,3
764,Kym,Thorn,460204,23F3,1
765,Armand,Fellibrand,429411,T612,2
766,Ganny,Shreeve,512917,G4LO,2
767,Rodrigo,Brant,696496,M420,3
768,Georgie,Borrows,511947,M420,3
769,Dot,Presnall,248025,T612,3
770,Layla,Sans,450288,M420,2
771,Maggie,Aumerle,611473,M420,1
772,Kare,Wilman,885866,G4LO,3
773,Letisha,Jodlowski,142876,M420,3
774,Saloma,Wasson,401732,M420,2
775,Kaycee,Harme,470679,T612,3
776,Ros,Ubsdell,383318,G4LO,3
777,Christian,Siggee,585891,M420,1
778,Caro,Hewins,190764,23F3,1
779,Maryjo,Metschke,971395,T612,3
780,Pren,Rames,252520,G4LO,3
781,Francesca,Reicherz,504972,G4LO,1
782,Gabbey,McCurley,350345,M420,2
783,Cleavland,Glanester,255036,T612,3
784,Harley,Daybell,46090,G4LO,1
785,Alvin,Brozsset,26066,G4LO,1
786,Yule,Lots,62762,G4LO,2
787,Tasha,Waterhouse,458231,23F3,2
788,Lonnard,Perillo,572848,G4LO,1
789,Coleman,Goldsmith,980006,T612,1
790,Meris,Oswick,602253,T612,2
791,Wolfgang,Kemmish,614744,T612,3
792,Dillie,Kilbourn,896105,G4LO,3
793,Elysia,Foyle,970644,G4LO,3
794,Dougy,Garforth,898384,23F3,1
795,Lilas,Clerc,495253,M420,2
796,Terrell,Vittet,520148,M420,3
797,Rab,Chellenham,671020,M420,1
798,Aylmar,Ackred,149872,M420,2
799,Waldemar,Briance,424444,M420,2
800,Hilarius,Scullin,529366,T612,1
801,Stacy,Prestige,710690,M420,1
802,Ulrika,Wigglesworth,935451,M420,3
803,Arlinda,Heinig,437510,23F3,3
804,Kris,Beavington,364102,M420,1
805,Iormina,Klemmt,680448,T612,3
806,Shirl,Bickmore,319276,M420,3
807,Aline,Virgoe,472948,T612,3
808,Janot,Willshear,384901,G4LO,2
809,Giselle,Bleackley,671450,23F3,1
810,Kaila,Arnholz,279364,T612,1
811,Kizzie,Waulker,779120,T612,3
812,Colet,Attfield,398632,T612,1
813,Zachery,Zukierman,510113,23F3,3
814,Nada,Lickorish,186292,M420,3
815,Marietta,Ganning,102016,M420,2
816,Myrtle,Shilling,892506,G4LO,1
817,Lorant,Cuss,625200,T612,2
818,Margot,Guisby,823482,T612,3
819,Dulcea,Kenewell,958872,M420,2
820,Guglielmo,Lovstrom,857536,G4LO,3
821,Beniamino,Brason,189348,G4LO,3
822,Lennie,Cureton,818126,T612,1
823,Rafaellle,Aickin,318823,M420,2
824,Ches,Minillo,906921,23F3,2
825,Wrennie,Minichi,403743,T612,1
826,Sabine,Akenhead,676741,T612,1
827,Tommi,Dowzell,763152,T612,3
828,Goldarina,Thaim,597015,G4LO,1
829,Kelsey,Kennifick,667085,G4LO,1
830,Madonna,Wartnaby,100348,T612,1
831,Corine,Callow,894540,23F3,2
832,Norina,Priestman,416296,T612,1
833,Gaston,Gascoyen,638299,23F3,1
834,Livvie,Larenson,621980,G4LO,2
835,Melania,Dickons,559500,M420,1
836,Leonard,Layhe,26119,T612,2
837,Trude,Wase,671250,G4LO,2
838,Edward,Luney,901420,G4LO,2
839,Winifred,Balderstone,88398,G4LO,2
840,Gal,Ohlsen,418150,M420,3
841,Caritta,Gomar,407824,G4LO,1
842,Lane,Dellar,567183,G4LO,3
843,Wye,Eggle,753865,23F3,1
844,Othella,Bogays,95133,23F3,3
845,Jacinda,Tesoe,623502,23F3,2
846,Demeter,Earey,242328,M420,2
847,Malinda,Cracker,894201,23F3,1
848,Mort,Etherson,296612,23F3,1
849,Johan,Temperley,481509,M420,3
850,Ephrayim,Barfoot,223648,G4LO,2
851,Jewelle,Primo,704251,T612,3
852,Larisa,Dooley,129147,T612,3
853,Bengt,Yonnie,586749,M420,1
854,Byrle,Spooner,929744,M420,2
855,Karleen,Errowe,848557,T612,2
856,Salome,Banck,185069,T612,3
857,Tyne,Waldera,573039,M420,3
858,Eachelle,Weafer,735607,T612,3
859,Nahum,Krikorian,343301,M420,2
860,Ailis,Faragan,364128,T612,3
861,Manfred,Parnall,472402,M420,1
862,Jim,Prinn,436155,G4LO,2
863,Evaleen,Frogley,408719,T612,3
864,Fiann,Antos,853639,T612,2
865,Omero,Pollastrone,846450,G4LO,3
866,Retha,Berthelet,562697,T612,1
867,Cele,Gooly,928899,G4LO,3
868,Kristy,Knight,93277,T612,1
869,Winny,Smylie,659375,T612,3
870,Bonny,Gustus,849109,M420,1
871,Mariel,Gathercole,516322,M420,2
872,Beverley,Marklow,768288,23F3,3
873,Ulrika,Kaplin,693947,M420,2
874,Pepillo,Fedder,242363,G4LO,1
875,De,Le Count,293840,23F3,3
876,Reyna,Vlasov,149944,T612,3
877,Myrle,Clarricoates,365553,T612,1
878,Todd,Turbill,955817,T612,3
879,Regan,Shearn,268235,23F3,3
880,Maxie,Willmetts,631904,T612,1
881,Siobhan,Mayte,957521,G4LO,1
882,Baxter,Blenkensop,106957,T612,3
883,Jermaine,Bamsey,224151,M420,2
884,Bernete,Gallaway,908018,G4LO,3
885,Heddi,Egdal,203324,G4LO,1
886,Lizbeth,Waltering,207711,M420,3
887,Oriana,Thomsen,486268,23F3,1
888,Ad,Yezafovich,286855,23F3,1
889,Conny,Rahl,729578,T612,2
890,Allison,Champe,825442,T612,1
891,Nichol,Nix,799178,T612,3
892,Dorie,Parsand,914020,M420,3
893,Donovan,Checo,754295,M420,2
894,Shara,Jouning,325215,23F3,3
895,Ag,Ballantyne,67893,23F3,1
896,Sky,Prichet,818152,M420,3
897,Sancho,Kittles,894540,T612,1
898,Phillipp,Feldmesser,121861,G4LO,1
899,Gilda,Nicklin,238608,M420,1
900,Ada,Judge,850589,G4LO,3
901,Brenda,Andrewartha,598903,G4LO,1
902,Carla,Dayborne,664188,M420,3
903,Vincent,Weetch,498207,23F3,1
904,Carmelia,Ree,401607,T612,3
905,Willy,Abella,868887,T612,3
906,Shandeigh,Duncan,378233,T612,3
907,Odo,Gutridge,166748,23F3,1
908,Honey,Mourton,71451,T612,2
909,Barb,McCallion,475727,23F3,3
910,Nicola,McEvay,954323,M420,2
911,Dixie,Braidley,37543,23F3,3
912,Alva,Bendle,41608,G4LO,1
913,Berne,Hubbocks,529061,M420,3
914,Valle,Jouannin,851116,M420,1
915,Madella,Marfell,270285,23F3,3
916,Kurt,Massingham,265306,T612,3
917,Beverie,Garrity,991497,M420,3
918,Natalee,Hubbocks,854980,23F3,2
919,Viki,Dethloff,472842,T612,2
920,Danyelle,Eglin,986445,T612,3
921,Beaufort,Riggoll,672896,23F3,1
922,Salem,Willeson,228115,23F3,3
923,Quinton,Robinson,984309,M420,3
924,Leanora,Crusham,832808,23F3,1
925,Scarface,Wilkinson,702765,G4LO,2
926,Jennee,Hartus,753322,T612,3
927,Izzy,Garritley,132061,M420,3
928,Zaccaria,Gorioli,679828,G4LO,3
929,Wright,Feckey,287707,M420,2
930,Emilio,Tobias,695986,T612,2
931,Olivero,Broadbere,814924,T612,3
932,Sloan,Putton,238088,M420,3
933,Josias,Brunelli,873723,G4LO,3
934,Siana,Mollin,752662,M420,2
935,Claudius,Eyree,781062,G4LO,3
936,Bess,Trobey,462659,G4LO,2
937,Mathias,Handmore,406734,T612,2
938,Leroi,Rutter,697154,M420,2
939,Cleon,Goodale,552879,G4LO,1
940,Sherwynd,Mohring,608068,23F3,2
941,Tommie,Douthwaite,998348,23F3,1
942,Valerye,Semrad,95000,T612,3
943,Austine,Bythell,166186,G4LO,3
944,Nollie,Bussel,262118,T612,2
945,Joseito,Tollfree,392578,M420,1
946,Dallas,Brandon,250661,23F3,1
947,Millard,Russan,136704,T612,1
948,Eveline,Hutchin,297183,23F3,2
949,Beatrisa,Coorington,283319,G4LO,2
950,Yulma,Clabburn,65737,23F3,1
951,Sybille,Faughey,658540,T612,1
952,Piper,Garrie,456916,23F3,3
953,Rica,Speechley,443546,M420,1
954,Mallissa,Dedenham,80327,23F3,2
955,Willie,Ingley,106860,T612,3
956,Lolly,Edgerley,631378,G4LO,1
957,Edee,Dryden,742729,T612,1
958,Naoma,Siuda,515003,G4LO,2
959,Chloette,Enterle,892486,G4LO,3
960,Claudie,Edgler,910114,23F3,2
961,Bridgette,Eskriett,936208,M420,1
962,Skipton,Peers,629814,T612,2
963,Ewen,Shurmore,453164,23F3,3
964,Enrica,Bruckman,505002,G4LO,2
965,Thaddus,Palphramand,436867,G4LO,2
966,Leora,Flode,611473,G4LO,3
967,Gradey,Vassel,225158,M420,3
968,Hortensia,Febvre,446767,M420,3
969,Lora,Simmens,337886,23F3,2
970,Pearla,Telling,456728,T612,2
971,Shaylah,Provest,859277,M420,1
972,Tiphanie,Drains,459275,23F3,2
973,Verine,Ingleston,21823,G4LO,3
974,Sibella,Robic,851548,M420,3
975,Marigold,Marquand,368422,T612,2
976,Othelia,Wand,272500,23F3,2
977,Toby,Baldung,596564,23F3,2
978,Caresa,Klimashevich,325440,T612,1
979,Dolli,Moohan,667470,T612,3
980,Filippa,Polle,175891,M420,3
981,Zabrina,Dodsley,596067,T612,3
982,Regan,Simeon,256280,23F3,3
983,Giselle,Borrel,595219,23F3,2
984,Marnia,Coggeshall,251942,M420,1
985,Clayton,Prescot,624309,23F3,3
986,Rockie,Najafian,861509,23F3,2
987,Patricio,Pridden,478051,M420,1
988,Kyle,Limrick,577098,G4LO,3
989,Wes,Rookesby,462234,M420,3
990,Ame,Rosenfield,427117,M420,2
991,Xenos,Moncey,889560,G4LO,2
992,Arlie,Fettes,700579,M420,1
993,Nelly,Marquet,990176,23F3,1
994,Sasha,Cristofaro,936795,M420,1
995,Marquita,MacAlroy,945540,M420,1
996,Heda,Pettis,506478,T612,2
997,Kendell,Feldstein,513234,G4LO,2
998,Rollie,Hurdle,178468,M420,3
999,Frans,Stuck,339333,M420,1
1000,Jourdan,Risdall,121046,23F3,2
